headline,clickbait,prediction,raw_response
Over 100 dead in Libyan plane crash,0,0,"Okay, so I need to figure out if the headline ""Over 100 dead in Libyan plane crash"" is clickbait. Hmm, clickbait is often used to attract attention, usually by making people feel like they should know more or be concerned. It's usually a strong statement with a lot of emphasis, maybe even a question or a claim that's hard to believe.

Looking at the headline, it's a fact: over 100 people died in a plane crash in Libya. That's a serious news event. Now, is that clickbait? Well, clickbait often uses strong language or makes people feel like they should be worried. But in this case, the information is factual and not a question. It's just stating a fact, which is common in news.

Wait, but sometimes clickbait can be a statement that's hard to believe. For example, if someone says, ""Over 100 people died in a plane crash,"" that's a strong statement. It's not just a fact; it's a claim that's hard to believe, which can make people think it's a lie or something malicious. But in this case, it's a real event, so it's not a lie.

So, is it clickbait? I think it's not because it's a factual statement, not a claim that's hard to believe. It's just a news item that's been reported, so it's non-clickbait. The key here is that clickbait often uses strong language or makes people feel like they should be concerned, but in this case, it's just a straightforward fact.
</think>

0"
Three of Serbia's neighbours recognize Kosovo,0,0,"Okay, so I need to figure out if the headline ""Three of Serbia's neighbours recognize Kosovo"" is clickbait or not. Let me break this down. Clickbait usually involves sensationalism, sensationalism, or a lot of fluff. It's often used to attract attention, but it's not necessarily informative or accurate.

First, I should understand what Kosovo is. Kosovo is a former Yugoslavia war-torn region in Serbia. It's a historical site, so it's not something that's just a random place. The headline mentions that three of Serbia's neighbours recognize Kosovo. That's interesting because it's a specific fact about Kosovo.

Now, the question is whether this is clickbait. Clickbait often uses sensational language or makes a claim that's not true. Here, the headline is making a factual claim about Kosovo being recognized by neighbors. It's not just a statement; it's a specific fact about Kosovo.

I should consider the context. If someone is talking about Kosovo, they're likely referring to its history, its current status, or its significance in the region. The fact that three neighbours recognize it could be a factoid, not necessarily a claim that's meant to attract attention.

Also, clickbait often uses phrases like ""the most sensational news in history"" or ""the most shocking event ever."" This headline doesn't use such language. It's more of a factual assertion.

So, putting it together, the headline is making a factual claim about Kosovo being recognized by three neighbors. It's not sensational or fluff. Therefore, it's likely non-clickbait.
</think>

0"
"Geithner, Member and Overseer of Finance Club",0,0,"Okay, so I need to figure out if the headline ""Geithner, Member and Overseer of Finance Club"" is clickbait. Hmm, clickbait usually refers to headlines that are designed to attract attention without necessarily providing useful information. They often use strong adjectives or phrases that make people feel like they're being influenced or misled.

First, I should break down the headline. It mentions Geithner, who is both a Member and Overseer of Finance Club. That's interesting because it's a specific role in a club. But does that make it clickbait? I don't think so because it's just describing someone's position in a club. It doesn't present any information or make a claim.

I should consider what clickbait headlines typically include. They often use words like ""extremely,"" ""secret,"" ""secretive,"" ""secretive,"" ""secretive,"" ""secretive,"" ""secretive,"" ""secretive,"" ""secretive,"" ""secretive,"" ""secretive,"" ""secretive,"" ""secretive,"" ""secretive,"" ""secretive,"" ""secretive,"" ""secretive,"" ""secretive,"" ""secretive,"" ""secretive,"" ""secretive,"" ""secretive,"" ""secretive,"" ""secretive,"" ""secretive,"" ""secretive,"" ""secretive,"" ""secretive,"" ""secretive,"" ""secretive,"" ""secretive,"" ""secretive,"" ""secretive,"" ""secretive,"" ""secretive,"" ""secretive,"" ""secretive,"" ""secretive,"" ""secretive,"" ""secretive,"" ""secretive,"" ""secretive,"" ""secretive,"" ""secretive,"" ""secretive,"" ""secretive,"" ""secretive,"" ""secretive,"" ""secretive,"" ""secretive,"" ""secretive,"" ""secretive,"" ""secretive,"" ""secretive,"" ""secretive,"" ""secretive,"" ""secretive,"" ""secretive,"" ""secretive,"" ""secretive,"" ""secretive,"" ""secretive,"" ""secretive,"" ""secretive,"" ""secretive,"" ""secretive,"" ""secretive,"" ""secretive,"" ""secretive,"" ""secretive,"" ""secretive,"" ""secretive,"" ""secretive,"" ""secretive,"" ""secretive,"" ""secretive,"" ""secretive,"" ""secretive,"" ""secretive,"" ""secretive,"" ""secretive,"" ""secretive,"" ""secretive,"" ""secretive,"" ""secretive,"" ""secretive,"" ""secretive,"" ""secret"
This Comic Proves You Have No Excuse Not To Meditate,1,1,"Okay, so I need to figure out if the headline ""This Comic Proves You Have No Excuse Not To Meditate"" is clickbait or not. I'm not super familiar with clickbait, but I know it's a term used in media to describe headlines that are too sensational or overly dramatic. They often make people feel like they should believe the information presented, which can be a problem because it can lead to misinformation or emotional responses.

Looking at the headline, it's a bit of a mix. It starts with ""This Comic Proves..."" which immediately makes me think of something that's shocking or surprising. Then it says ""You Have No Excuse Not To Meditate,"" which is a strong statement about not meditating. Meditating is a common practice, so someone saying they have no excuse not to meditate might be implying that it's a good or necessary part of their life.

I'm wondering if this is clickbait because it's making a bold claim about not meditating. Maybe the person behind the headline is trying to make a point that people shouldn't feel pressured to meditate, which could be a valid point. But clickbait often uses sensational language or makes people feel like they should take a stand, which can be manipulative.

I'm also thinking about the structure of the headline. It's a bit abrupt and uses a lot of exclamation points, which can make it seem more dramatic. Clickbait often uses such language to grab attention quickly, but it's not necessarily designed to be informative or to provide a balanced view.

Another angle is whether the headline is trying to mislead or manipulate. If someone is trying to push a point that people shouldn't feel pressured to meditate, that could be clickbait. But if the intention is just to make a statement, it might not be clickbait.

I'm also considering the context. If this is a news headline from a reputable source, it might be more likely to be non-clickbait. But if it's from a less well-known source, it could be more likely to be clickbait.

In summary, the headline seems to make a bold and potentially manipulative statement about not meditating, which could be clickbait. However, without more context, it's hard to say for sure. But given the language and structure, it leans towards being clickbait.
</think>

1"
42 Dogs Who Found Their Forever Homes In 2015,1,1,"Okay, so I need to figure out if the headline ""42 Dogs Who Found Their Forever Homes In 2015"" is clickbait. Hmm, clickbait usually refers to headlines that are catchy, tempting, and designed to draw attention without necessarily providing the information. They often use strong adjectives and make the situation seem more exciting than it is.

Looking at the headline, it mentions 42 dogs finding their forever homes in 2015. That's a lot of dogs, which is impressive, but the key here is the number. 42 is a big number, and it's often used in clickbait headlines to make the story seem more significant. It's a common tactic to make the reader feel like the story is worth a lot of attention.

Also, the phrase ""forever homes"" is a strong adjectives that immediately paints a picture of a happy ending. It's not just about the dogs finding homes; it's about the emotional and positive outcome. Clickbait often relies on these strong adjectives to create a sense of excitement and urgency.

I should also consider the context. If this was a news story about a group of dogs finding homes, it's likely to be factual and not clickbait. The number 42 is a specific, well-known figure, so it's not just a random number. It's more about the scale of the success, which is a positive and factual point.

So, putting it all together, the headline uses strong adjectives and a large number to create a sense of excitement and significance, which are key elements of clickbait. Therefore, it's likely clickbait.
</think>

1"
Cafe Experience Is Shifting to the Home,0,0,"Okay, so I need to figure out if the headline ""Cafe Experience Is Shifting to the Home"" is clickbait or not. Hmm, clickbait usually refers to headlines that are designed to attract attention, often with a strong emotional appeal or a promise of something exciting. They often use phrases like ""will change everything"" or ""be the first to try something new.""

Looking at the headline, it's about a shift in a cafe's location. That's a bit more of a factual announcement, maybe a news article or a company announcement. It's not a promise of something exciting or a big change. It's more about the cafe moving to a new place, which is a common business move, not necessarily something that would make people clickbait.

I should also consider the context. If this is a news article, it's likely to be informative and not necessarily designed to entice clicks. Clickbait often involves sensationalism or a strong emotional appeal, but this headline seems more neutral and factual.

So, putting it together, the headline doesn't seem clickbait. It's a straightforward announcement without any strong promises or exciting claims. Therefore, the answer should be 0 for non-clickbait.
</think>

0"
22 Mouthwatering Foods You Won't Believe Contain Alcohol,1,1,"Okay, so I need to figure out if the headline ""22 Mouthwatering Foods You Won't Believe Contain Alcohol"" is clickbait. Hmm, clickbait usually means something that's catchy, tempting, and designed to make people jump to the conclusion without much thought. It often uses strong language, makes promises, or sounds exciting.

Looking at the headline, it's talking about 22 mouthwatering foods that supposedly contain alcohol. The key here is the use of ""mouthwatering"" and ""contain."" That sounds like it's trying to entice people to buy something, maybe even to eat it. The word ""contain"" makes me think of marketing tactics where they promise something without going into detail.

I also notice the phrase ""You Won't Believe."" That's a common clickbait tactic because it's persuasive and makes you wonder if it's true. It's designed to make you think it's a real deal or a good product, which can lead to a purchase or consumption.

So putting it all together, the headline uses strong language, promises, and persuasive tactics. It's trying to entice people to believe something isn't true, which is exactly what clickbait does. Therefore, this headline is clickbait.
</think>

1"
"'Denmark will be attacked' says one expert, 'Denmark safe' says another",0,1,"Okay, so I need to figure out if the given news headline is clickbait or not. The headline is: ""Denmark will be attacked"" says one expert, ""Denmark safe"" says another. 

First, I should understand what clickbait means. Clickbait is a type of content that is designed to attract attention, often with the intention of causing panic or alarm. It usually includes exaggerated claims, sensationalism, or a lack of scientific basis. It's often used to manipulate public perception or to create a sense of urgency.

Looking at the headline, it's comparing two experts' opinions on whether Denmark will be attacked or safe. The use of ""says"" here is a bit odd. It's a bit informal and could be seen as trying to make a point quickly, which might be a strategy to attract attention. 

The experts are making a statement about Denmark's safety, which is a factual claim. However, the way it's phrased is more like a statement than a fact. It's not presenting a clear, definitive answer but rather two perspectives. This could be seen as trying to provoke a reaction or to create a discussion point, which is a common tactic in clickbait.

Additionally, the headline is quite short and doesn't provide much context or explanation. It's a straightforward comparison without any elaboration, which might make it seem more like a statement than a news headline. 

I should also consider the tone. Clickbait often uses a tone that's either aggressive or confrontational. Here, the experts are making a statement, which might be seen as confrontational, but it's not necessarily clickbait. It's more about presenting differing viewpoints quickly.

Another angle is to think about the purpose behind the headline. If it's meant to inform the public about Denmark's safety, it's non-clickbait. But if it's meant to create a reaction or to manipulate emotions, it could be clickbait. The headline doesn't specify the intent, so it's hard to tell. However, the way it's phrased, with two experts making opposing statements, might be a strategy to attract attention rather than inform.

Putting it all together, the headline is a short, factually neutral statement with a strategic tone, which might be clickbait. It's trying to provoke a reaction without providing a clear answer, which is a common tactic in clickbait.
</think>

1"
Indiana tornado kills at least 19,0,0,"Okay, so I need to figure out if the headline ""Indiana tornado kills at least 19"" is clickbait or not. Hmm, clickbait usually refers to headlines that are designed to attract attention, often with a strong, exaggerated claim. They often have a lot of jargon or are based on sensationalist information.

First, I should consider the context. The headline mentions a tornado in Indiana, which is a specific location. Tornadoes can be devastating, but they're not something that's usually sensationalized in headlines. They're more of a natural disaster, so the headline might be trying to highlight the severity.

Next, the number 19 is significant. It's a specific, large number, which can make headlines more attention-grabbing. But again, it's not necessarily clickbait because it's just a statistic. It's more about the impact rather than the sensationalism.

I should also think about the source. If this is from a news outlet, it's possible they're trying to attract media attention. But without more context, it's hard to say if it's clickbait. It could be that the headline is trying to make people think about the impact of natural disasters, which is a valid point, but it's not inherently clickbait.

So, putting it all together, the headline is making a statement about the number of deaths, which is a fact, but it's not sensationalizing the event. It's more of a factual report. Therefore, it's likely non-clickbait.
</think>

0"
"Would You Survive One Day In The Enchanted Forest From ""Once Upon A Time""",1,1,"Okay, so I need to figure out if the headline ""Would You Survive One Day In The Enchanted Forest From 'Once Upon A Time'"" is clickbait or not. Hmm, clickbait usually means it's catchy, tempting, and designed to grab attention without necessarily providing the full information. 

First, I should break down the components of the headline. It mentions ""One Day In The Enchanted Forest"" and refers to the book ""Once Upon A Time."" The phrase ""Would You Survive"" suggests a hypothetical scenario, which is common in clickbait to create a sense of urgency or intrigue. 

I also notice that it's a title that's often used in TV shows or movies, which can make it more appealing. Clickbait often uses such titles to entice viewers to watch or read more. The structure is concise, which is typical of clickbait headlines to make the reader want to click or read further.

Additionally, the use of ""From"" and ""In The Enchanted Forest"" adds a bit of mystery and allure, which can make the content more enticing. Clickbait often includes elements that make the reader feel like they should be on the hook, whether it's watching a show, reading a book, or watching a movie.

Putting it all together, the headline seems to fit the characteristics of clickbait. It's catchy, has a sense of urgency, and is designed to entice attention without providing the full details. Therefore, it's likely clickbait.
</think>

1"
Study finds marijuana use leads to brain development in rats,0,1,"Okay, so I need to figure out if the news headline ""Study finds marijuana use leads to brain development in rats"" is clickbait or not. Hmm, clickbait usually refers to headlines that are sensational or designed to attract attention, often with a strong emotional charge or a false sense of authority. 

Let me break down the headline. It's a study that connects marijuana use with brain development in rats. Rats are commonly used in scientific studies because they're easy to control and have simpler brains compared to humans. The study suggests that using marijuana in rats affects their brain development, which could have implications for understanding how drugs influence brain development in humans.

Now, is this headline clickbait? Well, the mention of rats is a common and well-known model organism in neuroscience. It's a standard approach in research, so it's not unusual. The study itself is likely to be serious and potentially groundbreaking, which could make the headline more impactful. However, clickbait often relies on sensationalism, emotional appeal, or a false sense of authority. 

In this case, the headline is presenting a specific, potentially significant finding, which might be intended to attract attention. But it's also using a well-known model organism, which could make it seem more credible and less sensational. However, the term ""clickbait"" is subjective and depends on the context. If the study is well-researched and the findings are important, it might still be clickbait. 

I'm leaning towards it being clickbait because the headline is presenting a significant finding in a way that could attract media attention, even if it's not the most sensational. It's a balance between being informative and sensational. 

So, after considering all this, I think the answer is 1 for clickbait.
</think>

1"
13 Hashtags Too Real For Anyone Who Grew Up Catholic,1,1,"Okay, so I need to figure out if the headline ""13 Hashtags Too Real For Anyone Who Grew Up Catholic"" is clickbait. Let me break this down. Clickbait usually involves sensationalism, misinformation, or a pushy message that's designed to attract attention without necessarily providing accurate information. 

First, I'll look at the wording. It mentions ""13 Hashtags."" I know that hashtags are used to categorize content on social media, but they can also be used to promote products or ideas. The phrase ""Too Real"" suggests that these hashtags are taken out of context or are used in a way that's not accurate. 

Next, the part about ""anyone who grew up Catholic"" is interesting. It implies that these hashtags are meant to appeal to a specific group, which is often the Catholic community. However, hashtags are typically used to categorize content, not to target specific demographics. This could be a red flag because it might be using hashtags in a way that's not appropriate or accurate.

I also recall that clickbait often uses sensational language or makes sweeping generalizations. The use of ""13 Hashtags"" is a bit unusual, but it's not inherently clickbait. Clickbait usually involves more extreme or exaggerated claims. The fact that it's about hashtags and their realness might be a red flag because it's suggesting that these hashtags are genuine or have a deeper meaning that's not being communicated.

Additionally, the target audience is Catholic individuals, which is a specific group. While hashtags can be used to target specific demographics, they are usually done in a way that's appropriate and doesn't promote bias. Using hashtags to target a specific religious group might be seen as promoting a particular ideology or belief, which could be seen as clickbait if it's done in a way that's not neutral or factual.

Putting this all together, the headline seems to be promoting a product or idea (hashtags) that's not accurate or appropriate for a specific group. It's using language that could be seen as sensational or biased, which are common elements in clickbait. Therefore, it's likely clickbait.
</think>

1"
China prepared to support eurozone countries hit by financial crisis,0,0,"Okay, so I need to figure out if the headline ""China prepared to support eurozone countries hit by financial crisis"" is clickbait. Hmm, clickbait usually refers to headlines that are designed to attract attention without necessarily providing useful information, often with a strong emotional appeal. 

Let me break down the headline. It mentions China supporting countries in the eurozone affected by a financial crisis. That sounds like a statement of support, which might be intended to reassure investors or show confidence. But is that clickbait? Well, sometimes people use clickbait headlines to make a point without being explicit, especially if they're trying to manipulate emotions or get attention quickly.

I should consider the context. The eurozone crisis is a significant event, so mentioning support for affected countries could be seen as a statement of solidarity or confidence. However, without more context, it's hard to tell if it's trying to sell something or just make people feel better. Clickbait often relies on emotional appeal or a strong narrative without clear information.

Also, the use of ""prepared"" might be a red flag. Sometimes, headlines include words like ""prepared"" to make the statement seem more confident or assertive, which can be clicky. But in this case, it's about supporting a crisis, which is a negative event. So maybe it's not clickbait because it's not trying to sell a product or service but rather to show support, which is a neutral statement.

Wait, but the user is asking if it's clickbait. So I need to decide if the headline is designed to attract attention without providing useful information. The statement is about China's support, which is a factual statement. It doesn't present a problem or a solution but rather a statement of confidence. So it's more of a factual assertion rather than clickbait.

I think the answer is 0 because it's not trying to sell a product or service; it's just stating a fact. The use of ""prepared"" might be a bit confusing, but it's not necessarily clicky. It's more about the context of the eurozone crisis, which is a serious issue, but the headline is just stating a support, not a recommendation or a warning.
</think>

0"
U.S. GDP sees worst drop in five decades,0,1,"Okay, so I need to figure out if the headline ""U.S. GDP sees worst drop in five decades"" is clickbait. Hmm, clickbait is usually something that's sensational, misleading, or designed to grab attention without providing enough information. 

First, I should break down the headline. It mentions the U.S. GDP seeing a worst drop in five decades. GDP is the measure of a country's economic output, so this is about the U.S. economy. The term ""worst drop in five decades"" suggests that the drop is significant and perhaps unprecedented.

I wonder if this is a well-known fact or if it's something that's been covered in news. I know that the U.S. economy has been fluctuating a lot, especially during the COVID-19 pandemic. The GDP drop during that time was a big deal, but is it considered the worst in five decades? I'm not sure. Maybe it's more of a recent event compared to historical data.

Also, clickbait often uses sensational language to make people feel like they should believe it. The phrase ""worst drop in five decades"" is pretty strong. It implies that this is the most severe economic downturn the U.S. has experienced in the past 50 years. But is that actually the case? I think the U.S. economy has had some tough times, but maybe not as severe as that.

Another angle is whether the headline is trying to mislead. If someone hears this, they might think the economy is in bad shape and decide to invest or worry about the future. That's a red flag for clickbait because it's designed to make people feel like they should take action without providing the necessary information.

I should also consider the source of the information. If this is from a reputable news outlet, it's less likely to be clickbait. But if it's from a less reliable source, it might be more likely. However, the headline itself doesn't provide any context or source, so I can't be sure.

In summary, the headline is using strong language to make a claim about the U.S. economy, which is a common tactic in clickbait. The term ""worst drop in five decades"" is significant, but without more context, it's hard to say if it's the most recent or accurate. However, the language itself is clicky, which is a key characteristic of clickbait.
</think>

1"
23 Things That Happen When Two Girls Live Together,1,0,"Okay, so I need to figure out if the headline ""23 Things That Happen When Two Girls Live Together"" is clickbait. Hmm, clickbait usually refers to headlines that are catchy, tempting, and designed to draw attention without necessarily providing detailed information. They often use strong adjectives and make the topic seem more exciting than it really is.

Let me break down the headline. It lists 23 things that happen when two girls live together. That's a lot, but the key here is the number. 23 is a high number, which might make it seem impressive. But is that enough to make it clickbait? I don't think so because it's just a list of things, not something that's inherently exciting or intriguing.

I should consider the context. If someone is talking about two girls living together, they might be referring to a specific situation, like a relationship or a shared life. But the headline doesn't provide any details about why they're living together or what the implications are. It's just a list of events, which is more of a fact than an intriguing topic.

Clickbait often includes questions or promises, like ""get rich quick"" or ""make your life easier."" This headline doesn't have any of those elements. It's more of a statement of facts rather than a hook that draws people in. So, it's not clickbait because it's not designed to entice attention or provoke a reaction.

I should also think about the target audience. If someone is looking for advice on living together, they might be interested in more detailed information or practical tips. This headline doesn't provide that, so it's not appealing to them. It's more of a list of potential issues or outcomes rather than a compelling reason to act.

In conclusion, the headline is not clickbait because it's a straightforward list of things that happen when two girls live together, without any excitement or promise. It's more of a factual statement than a hook that would attract attention.
</think>

0"
"Carter: US ""likely behind"" Venezuela coup",0,1,"Okay, so I need to figure out if the headline ""Carter: US 'likely behind' Venezuela coup"" is clickbait or not. Let me start by understanding what clickbait means. Clickbait is a type of content that's designed to attract attention, often with the intent to manipulate or influence the reader's opinion. It usually has a strong emotional appeal, a catchy headline, and a premise that's surprising or counterintuitive.

Looking at the headline, it's talking about a political coup in Venezuela and mentions that US President Carter is likely behind it. I know that Venezuela has been in a political crisis for a long time, and there have been several coup attempts in the past. Carter was the president from 1960 to 1964, and he was a key figure in the 1860s revolution in the US. However, I'm not sure if he was involved in any coup in Venezuela.

I should consider the context. The headline is making a claim about Carter's role in a political event in Venezuela. It's using a name, Carter, which is a common name, and it's making a bold statement about his likely involvement. The use of ""likely behind"" suggests that the headline is making a claim that could be surprising or counterintuitive, which is a common tactic in clickbait.

Also, the structure of the headline is concise, which is typical for clickbait. It's not trying to explain much, just presenting a fact with a strong claim. The fact that it's using a name and making a bold statement about Carter's role adds to the clickbaity nature.

I should also think about the target audience. Clickbait is often aimed at a broad audience, so it's designed to grab attention without necessarily providing detailed information. The headline is straightforward and doesn't require much analysis beyond recognizing the clickbaity elements.

In conclusion, the headline uses strong language, makes a bold claim, and is structured in a way that's typical of clickbait. Therefore, it's likely clickbait.
</think>

1"
16 Times Bollywood Stars Gave You Intense Vacation Goals,1,0,"Okay, so I need to figure out if the headline ""16 Times Bollywood Stars Gave You Intense Vacation Goals"" is clickbait. Hmm, clickbait usually refers to headlines that are designed to attract attention without necessarily providing useful information, often with a strong emotional appeal. 

Let me break down the headline. It mentions Bollywood stars giving vacation goals, which sounds like a promotion or a claim about their personal goals. That could be seen as promoting something, maybe a vacation or a personal challenge. But is it clickbait? Well, clickbait often targets specific audiences, like people who are already interested in the topic or have a certain level of trust in the brand.

In this case, the target audience might be people who are fans of Bollywood movies or actors, looking for more content or promotions. If the headline is just making a claim about their vacation goals, it might not be promoting anything specific. It could be more of a statement or a claim without any underlying information or promotion.

I should also consider the structure of the headline. It's a bit straightforward, just stating a fact without any context or explanation. Clickbait often includes more details or a hook to entice attention. Here, the headline is concise but doesn't provide any additional information or context.

So, putting it together, the headline is making a claim about the fans of Bollywood stars having vacation goals, but it doesn't provide any specific information or context. It's more of a statement than a promotion. Therefore, it's likely non-clickbait.
</think>

0"
Top two aides quit US presidential candidate McCain's campaign,0,0,"Okay, so I need to figure out if the headline ""Top two aides quit US presidential candidate McCain's campaign"" is clickbait or not. Hmm, clickbait usually refers to headlines that are designed to attract attention without necessarily being truthful or accurate. They often use strong language or make claims that are exaggerated or sensational.

Looking at the headline, it's talking about the top two aides quitting the McCain campaign. That's a bit of a strong statement because it implies that the aides are leaving the campaign, which might not be the case. I know that in reality, the campaign is ongoing, and the aides are still involved. So the headline is making a claim that's not true.

Also, the word ""top two aides"" is a bit informal and could be misleading. It might be suggesting that the aides are leaving, but in reality, they're still part of the campaign. So the headline is trying to make a false claim about the campaign's progress.

Another point is the use of ""clickbait."" These headlines are often designed to grab attention quickly, but they can be misleading. The fact that it's a candidate's campaign and the aides quitting suggests it's a false claim, not necessarily clickbait.

So putting it all together, the headline is making a false statement about the campaign, which is clickbait because it's designed to attract attention without being truthful. Therefore, the answer should be 0 for non-clickbait.
</think>

0"
US rejects EU proposal to give Internet control to the UN,0,0,"Okay, so I need to figure out if the headline ""US rejects EU proposal to give Internet control to the UN"" is clickbait. Hmm, clickbait usually refers to headlines that are designed to attract attention without necessarily being truthful or accurate. They often have a strong emotional appeal or a specific, catchy phrase.

First, I should break down the headline. It mentions the US rejecting a EU proposal. The proposal is about giving Internet control to the UN. So, the US is opposing a proposal that the EU is considering. That's a direct statement, which might be a bit controversial or even biased.

I wonder if the US is really rejecting this proposal. I know that the EU has been involved in various internet governance issues, like the EU's approach to data sovereignty and cybersecurity. The US has had mixed reactions to EU policies, sometimes supporting, sometimes opposing. So, the US rejecting a proposal could be seen as a strong statement, but it's also possible that the proposal is not as controversial as it seems.

The term ""clickbait"" often involves strong emotions or a specific, catchy phrase. This headline doesn't have that. It's more of a factual statement with a clear opposition. It's not trying to sell something or create a false impression. It's just stating a fact, which is non-clickbait.

I should also consider the context. The EU is a major player in internet governance, so any proposal from them would be significant. Rejecting it could be seen as a bold move, but it's not necessarily clickbait. Clickbait often comes from a lack of factual basis or a strong emotional appeal.

So, putting it all together, the headline is a straightforward statement without any strong emotional or misleading elements. It's just a factual rejection, which is non-clickbait.
</think>

0"
A Groom Pulled A Prank On His Bride On Their Wedding Day That Left Her Horrified,1,1,"Okay, so I need to figure out if the headline ""A Groom Pulled A Prank On His Bride On Their Wedding Day That Left Her Horrified"" is clickbait or not. Hmm, clickbait usually refers to headlines that are designed to attract attention, often with a strong emotional appeal or a sense of urgency. They often include words like ""horrible,"" ""amazing,"" or ""amazingly,"" which can make people feel like they're about to be impressed.

Looking at the headline, it's about a groom pulling a prank on his bride on their wedding day. The outcome is that the bride was Horrified. The key here is the horror aspect. It's a negative outcome, which can be a strong hook for clickbait because it immediately makes people want to read more or click on the link.

I should also consider the structure of the headline. It's a straightforward statement with a clear cause and effect. The use of ""horrible"" adds to the emotional charge. Clickbait often uses strong adjectives or negative adjectives to create a sense of impending doom or fear.

So, putting it together, the headline is designed to make people feel like they're about to be impressed, which fits the definition of clickbait. The horror element is a strong hook that can lead to more engagement or action, even if the actual outcome isn't as bad as the headline suggests.
</think>

1"
This Is What Happens When You Are Proposed To,1,1,"Okay, so I need to figure out if the headline ""This Is What Happens When You Are Proposed To"" is clickbait. Hmm, clickbait is usually something that's catchy, tempting, and designed to make people feel like they should click or take action. It often involves a lot of excitement, maybe some humor, and a strong emotional appeal.

Looking at the headline, it's pretty straightforward. It's a play on the phrase ""This Is What Happens When..."" which is common in clickbait. The phrase itself is catchy and immediately makes you want to click. But then there's the part about being proposed to. That's a bit more serious and could be seen as a hook or a bit of humor, but it's not necessarily making you feel like you should click.

I should consider the context. If this headline is from a news source, maybe it's about a specific event or situation where being proposed to causes something. But without more context, it's hard to tell. It could be a joke, a meme, or maybe a news story about a proposal that leads to something unexpected.

Another angle is to think about the structure. The headline is short and punchy, which is typical of clickbait. It grabs attention quickly and leaves you wanting more. The ""This Is What Happens When..."" part is a classic clickbait structure, so even if the rest of the headline is a bit more serious, the overall structure is clickbait.

I also need to consider the emotional response. Clickbait often triggers a strong emotional reaction, like fear, excitement, or curiosity. The headline here is definitely triggering emotions because it's a common phrase and adds a bit of humor, which can make people feel more anxious or curious about what might happen next.

So, putting it all together, the headline has a clickbait structure, uses a common phrase, and adds a bit of humor. Even though it's not a full news story, it's designed to make people feel like they should click or take action, which is the essence of clickbait. Therefore, I think this headline is clickbait.
</think>

1"
"Lucas Glover, Sleeper Pick",0,0,"Okay, so I need to figure out if the headline ""Lucas Glover, Sleeper Pick"" is clickbait or not. Hmm, clickbait is when a headline is catchy, tempting, and often leads people to click on a link or read more, even if the content isn't necessarily exciting or informative. 

First, I should break down the headline. ""Lucas Glover"" sounds like a name, maybe a sports figure or a professional. ""Sleeper Pick"" is a bit vague. It could mean a pick that's not obvious or maybe a pick that's not the obvious choice. 

I'm not sure if ""Sleeper Pick"" is a term I recognize. Maybe it's a typo or a slang term. If it's a typo, then the headline might be trying to say something like ""Lucas Glover, Sleepy Pick,"" which doesn't make much sense. Alternatively, it could be a play on words, like ""Sleeper Pick"" meaning something else, but I'm not sure.

If ""Sleeper Pick"" is a typo, then the headline is just ""Lucas Glover, Sleepy Pick,"" which doesn't convey much. It's too vague and doesn't have a clear message. On the other hand, if it's a legitimate term, then it might be referring to a specific event or a person. 

I should consider the context. If Lucas Glover is a well-known figure, and ""Sleeper Pick"" is a term he uses, then the headline could be referring to a specific event or a role he's playing. But without more context, it's hard to tell. 

Since the headline is just two words, it's too short to be clickbait. Clickbait headlines usually have more descriptive language, a clear hook, and a reason to attract attention. This headline doesn't seem to fit that pattern. 

So, putting it all together, I think the headline is non-clickbait because it's too vague and doesn't have enough descriptive elements to be attention-grabbing.
</think>

0"
"21 Times Tumblr Was Funniest About ""Game Of Thrones""",1,0,"Okay, so I need to figure out if the headline ""21 Times Tumblr Was Funniest About 'Game Of Thrones'"" is clickbait or not. Hmm, clickbait usually means something that's catchy, tempting, and designed to draw attention without necessarily providing any real value. It often uses exaggerated claims or promises to create a sense of urgency or excitement.

Looking at the headline, it's talking about 21 times Tumblr having funnier posts about Game of Thrones. Game of Thrones is a popular TV show, so maybe the idea is to highlight its humor. But wait, the user mentioned that the headline is non-clickbait. So why is that?

Maybe the headline is trying to be a bit of a joke. It's not making a claim about the show's humor, but rather presenting it as something that can be funnier on Tumblr. That could be a way to attract people to check out the site, but it's not really promoting anything or making a claim. It's more of a teaser or a way to engage with the site, but it doesn't promise anything valuable or provide a reason to click.

Alternatively, perhaps the headline is trying to be a bit of a self-deprecating comment. It's saying that the show's humor is so good that it's funny on Tumblr, which might be a way to express frustration or self-awareness. But again, it's not a clickbait claim; it's more of a personal observation.

So, considering all that, the headline isn't clickbait because it's not making a claim or promise. It's more of a teaser or a way to engage with the site, but it doesn't attract attention or provide any value. Therefore, the answer should be 0 for non-clickbait.
</think>

0"
The Definitive Ranking Of Dudes Who Deserve Tina Belcher's Love,1,0,"Okay, so I need to figure out if the headline ""The Definitive Ranking Of Dudes Who Deserve Tina Belcher's Love"" is clickbait. Hmm, clickbait usually has a catchy, sensational tone, often with a strong verb or phrase that's meant to grab attention without necessarily providing much information. 

Looking at the headline, it's about ranking duers who deserve Tina Belcher's love. That sounds like it's making a claim about who deserves her love, which is pretty strong. It's not just a statement; it's a definitive ranking, which is a bit of a claim. But is it clickbait? I'm not sure. 

I remember that clickbait often uses phrases like ""the definitive ranking"" or ""the ultimate list,"" which are pretty strong. But does that make it clickbait? Or is it just a strong statement? I think it's more about the strength of the claim than the language. It's not just a catchy phrase; it's a serious claim about who deserves her love. 

Also, the word ""definitive"" adds to the emphasis, making it sound like a serious, well-crafted statement. It's not just a joke or a catchy phrase; it's a serious claim that someone would want to make. So, it's more about the content than the language. 

I don't think it's clickbait because it's not just a catchy phrase. It's a serious, well-crafted statement about who deserves Tina Belcher's love. It's not just a statement; it's a definitive ranking, which is a strong claim. So, I think it's non-clickbait.
</think>

0"
North Korea conducts test of nuclear weapon,0,1,"Okay, so I need to figure out if the headline ""North Korea conducts test of nuclear weapon"" is clickbait or not. Hmm, clickbait usually refers to headlines that are designed to attract attention, often with a strong emotional appeal or a sense of urgency. They often include terms like ""test,"" ""conduct,"" ""nuclear,"" or ""weapon."" 

Let me break it down. The headline mentions North Korea conducting a test of a nuclear weapon. That's a clear indication of something serious. I know that North Korea has a history of testing nuclear weapons, especially in the past, so this is not just a hypothetical scenario. It's a real event, which makes it more impactful.

Now, considering the context, North Korea's actions are serious and could have significant consequences. The mention of a test adds to the alarm factor. Clickbait often includes these elements because they make the news more attention-grabbing and easier to digest. It's not just about the event itself but also the potential repercussions.

I also recall that headlines with ""test,"" ""nuclear,"" or ""weapon"" are often used to create a sense of danger and urgency. This is a common tactic in clickbait to encourage people to click and read more, leading to increased engagement and potential spread of misinformation.

So, putting it all together, the headline is designed to attract attention, include critical terms, and convey a sense of danger. These elements are typical of clickbait content. Therefore, the answer should be 1 for clickbait.
</think>

1"
At least 24 dead in clashes in central Kenya,0,0,"Okay, so I need to figure out if the headline ""At least 24 dead in clashes in central Kenya"" is clickbait. I'm not super familiar with clickbait, but I know it's a term used in media to describe headlines that are too sensational or alarmist to be taken seriously. They often make people feel like they should believe the story or take action, even though it's not the case.

First, I should break down the headline. It mentions that at least 24 people died in clashes in central Kenya. Clashes usually imply conflict, which can be serious. The number 24 is a significant figure, which might make people think it's a big event. But I'm not sure if that's enough to make it clickbait.

I remember that clickbait often uses sensationalism, which is the use of strong language to make a story seem more important or exciting than it actually is. The word ""at least"" is a strong indicator of sensationalism because it implies a minimum number of deaths, which could be a cause for concern or alarm.

Also, the term ""clashes"" can sometimes be interpreted as a serious conflict, which might make people think it's a major event. But without more context, like the duration of the conflict or the impact on the people involved, it's hard to say if it's a significant event.

I should also consider the audience. If the audience is people who are more concerned about safety or immediate danger, they might be more likely to click on a clickbait headline. But if the audience is more general, it might not be as effective.

Another angle is to think about the source. If the headline is from a reputable news outlet, it might be less likely to be clickbait. But if it's from a less reliable source, it could be more likely.

I'm also thinking about the structure of the headline. It's a straightforward statement with a strong verb and a specific number. That structure is often used in clickbait to grab attention quickly.

Putting it all together, the headline uses strong language (sensational numbers and words like ""clashes""), which are common in clickbait. The context is a clash, which can be serious, but without more details, it's hard to say if it's a major event. However, the presence of the number 24 and the word ""at least"" makes it stand out as potentially clickbait.

I think I'm leaning towards it being"
"11 Quotes That Prove ""Star Wars"" And ""The Princess Bride"" Are Basically The Same",1,1,"Okay, so I need to figure out if the headline ""11 Quotes That Prove 'Star Wars' And 'The Princess Bride' Are Basically The Same"" is clickbait or not. Hmm, clickbait usually refers to headlines that are catchy, sometimes offensive, or designed to attract attention without necessarily providing the information. 

First, I should break down the headline. It mentions 11 quotes and compares two movies: Star Wars and The Princess Bride. The quotes are said to prove they're basically the same. 

I know that Star Wars and The Princess Bride are two classic animated films, but they're quite different. Star Wars is more about science fiction and space exploration, while The Princess Bride is about a princess and her kingdom. So, the idea that they're the same might be a bit of a stretch, but the quotes could be pointing out that they share some common themes or messages.

Now, clickbait often uses humor or absurdity to attract attention. The quotes might be clever or absurd, making the claim seem more credible or surprising. For example, if the quotes are about how both movies have the same message about friendship or adventure, it could be a way to make people think they're the same without realizing the differences.

Also, the use of ""Basically the Same"" is a strong, assertive statement. It's not just a simple comparison; it's a strong claim that could be used to make a point quickly. Clickbait often relies on such strong claims to grab attention without providing detailed information.

I should also consider the context. If the quotes are from a show or a discussion, they might be more likely to be clickbait. But since the headline is just stating the idea, it's more about the nature of the comparison rather than the source.

In conclusion, the headline uses a strong, assertive statement with clever quotes to make the comparison seem plausible, which is typical of clickbait. So, I think this headline is clickbait.
</think>

1"
France to Lower Tax to Entice Diners to Restaurants,0,0,"Okay, so I need to figure out if the headline ""France to Lower Tax to Entice Diners to Restaurants"" is clickbait. Hmm, clickbait usually means something that's catchy, tempting, and designed to get people to click or take a step further. It often involves a clever twist or a surprising premise.

Looking at the headline, it's talking about France lowering taxes to attract diners to restaurants. That seems like a business strategy, maybe to increase sales. But is that really clickbaity? I mean, it's a legitimate business move, right? Lowering taxes can affect restaurant profits, so it's a real possibility. But is it so tempting that it's considered clickbaity?

I remember that clickbait often uses phrases that are surprising or have a twist. For example, ""The secret to success is to..."" or ""You'll never know what happens next."" This headline doesn't seem to have that twist. It's more straightforward, just stating a fact about a business strategy.

Also, the target audience here is probably people who are interested in business strategies, maybe restaurant owners or investors. They might be looking for information on how to attract customers. So, the headline is informative but not necessarily designed to catch someone's attention immediately.

Another angle is the context. If the headline is part of a larger article or discussion, it might be more engaging. But on its own, it's just a statement. Clickbait often includes promises or promises to do something, but this headline doesn't promise anything; it's just presenting a fact.

So, putting it all together, the headline is not clickbaity because it's a straightforward business strategy without any surprising elements or promises. It's more of a factual statement that could be useful information for someone looking to attract diners to restaurants.
</think>

0"
Baucus Takes Lead on Health Care,0,0,"Okay, so I need to figure out if the headline ""Baucus Takes Lead on Health Care"" is clickbait or not. Let me start by understanding what clickbait means. Clickbait is a type of headline that's designed to attract attention and make people want to read more, often with a strong emotional appeal or a promise of something exciting or groundbreaking.

Looking at the headline, it's about Baucus taking a lead in health care. I know that Baucus is a name I've heard in the context of political figures, maybe in the healthcare industry. Taking a lead in health care could mean they're leading a new initiative or policy. 

Now, is this headline clickbait? Well, clickbait often uses strong language, makes a bold claim, and is designed to entice attention. The word ""take lead"" is pretty strong, and ""health care"" is a significant topic. But I also need to consider the context. If Baucus is a well-known figure in the industry, maybe this is just a positive announcement, not necessarily something that would attract clickbait attention.

Alternatively, if Baucus is a controversial figure or someone who's not well-known, the headline might be more neutral or factual. The term ""take lead"" is a bit bold, but it's not necessarily a promise of something sensational or groundbreaking. It could be a statement of confidence or a positive action.

I should also think about the audience. If the audience is looking for the latest news, they might be interested in hearing about Baucus's recent actions in the health care sector. But if the headline is just a straightforward announcement without any emotional or sensational tone, it might not be clickbait.

Another angle is to consider the structure of the headline. It's concise and uses strong verbs. That's typical of clickbait headlines, which are designed to grab attention quickly. However, the content itself might not be the main point of interest. The headline is more about Baucus's action than the content of the news.

So, putting it all together, the headline is using strong language and is structured to grab attention, but it's not necessarily a claim that would attract clickbait attention. It's more of a factual announcement about Baucus's lead in health care. Therefore, it's likely non-clickbait.
</think>

0"
Are You More Olivia Benson Or Olivia Benson,1,0,"Okay, so I need to figure out if the headline ""Are You More Olivia Benson Or Olivia Benson"" is clickbait. Hmm, clickbait usually refers to headlines that are designed to attract attention without providing much information, or they're so attention-grabbing that they make people feel like they should click or read further. 

Looking at the headline, it's a bit odd. It's saying, ""Are You More Olivia Benson Or Olivia Benson."" That seems a bit redundant. Olivia Benson is a well-known singer, so repeating her name might be trying to make people think about whether they're more like her or not. But is that clickbaity?

I think clickbaity headlines often have a twist or a surprise element. This one is repeating her name, which might be a way to make people feel like they should be more like her. But is that really clickbaity? Or is it just a clever way to test attention?

I also wonder if the person creating the headline is trying to make people feel like they should be more like Olivia Benson, which could be a way to attract more followers or engagement. But without more context, it's hard to say if that's clickbaity or just a clever headline.

Another angle is whether the headline is trying to provoke a reaction. If it's just repeating her name, maybe it's not trying to provoke a reaction but rather to make people think about it. So, it's not necessarily clickbaity.

I think the key here is whether the headline is trying to make people feel like they should be more like Olivia Benson. If it's just repeating her name, it might not be clickbaity. It's more of a clever way to test someone's reaction or to see if they're more like her.

So, putting it all together, I think this headline isn't clickbaity because it's just repeating her name without any twist or surprise. It's more of a clever headline to test someone's reaction.
</think>

0"
"Which Character From ""National Treasure"" Are You",1,0,"Okay, so I need to figure out if the headline ""Which Character From 'National Treasure' Are You"" is clickbait or not. Let me start by understanding what clickbait means. Clickbait is a type of content that is designed to attract attention, often with a strong emotional appeal or a false sense of authority. It usually includes terms like ""which one,"" ""which one of the following,"" or ""which one you think is the best."" 

Looking at the headline, it's asking the audience to choose a character from the movie ""National Treasure."" That's a pretty common request, but the way it's phrased makes me think it's trying to engage the audience in a discussion or debate. The word ""Which"" is used, which is a strong indicator of a question that's designed to provoke a response. 

I also notice that the headline is pretty straightforward, but it's framed in a way that suggests it's not just a simple question but something more interactive. Clickbait often includes questions that are meant to elicit a reaction, whether it's approval, criticism, or a mix. In this case, the question is likely intended to spark a conversation about the characters, their backgrounds, and their roles in the movie. 

Additionally, the use of ""Which Character"" implies that there are multiple options, which is typical in clickbait content. It's not just a single choice but a prompt for a debate or discussion. The structure of the question is also similar to what you might see in clickbait ads or social media posts, where they ask viewers to participate in a thought-provoking question. 

I should also consider the target audience. If this is a movie that's popular among fans, the question might be seen as a way to engage with the audience, encouraging them to share their opinions or thoughts. This engagement can be a clickbaity tactic because it's designed to make the audience feel heard and valued. 

Furthermore, the word ""Which"" is a strong keyword in clickbait phrases. It's used to create a sense of uncertainty and to prompt the listener to think. In this case, it's not just a question but a prompt for a deeper discussion. 

So, putting it all together, the headline is designed to engage the audience with a question that's meant to provoke a reaction. It's framed in a way that suggests it's not just a simple choice but a discussion, which is typical of clickbaity content. Therefore, I would"
Hundreds of lawsuits filed against music sharers in US,0,0,"Okay, so I need to figure out if the headline ""Hundreds of lawsuits filed against music sharers in US"" is clickbait or not. Hmm, clickbait usually refers to headlines that are designed to attract attention, often with a strong emotional appeal or a sense of urgency. They often include terms like ""hundreds,"" ""filed,"" ""against,"" which are strong adjectives.

Let me break it down. The headline mentions a specific number of lawsuits, which is a fact, but the context is about music sharers. I'm not sure what the exact industry is, but it's likely a music streaming service or a platform where users share their music. The term ""hundreds"" suggests a significant number, which might be a red flag for clickbait because it's not a common statistic.

I should also consider the tone. Clickbait often uses phrases like ""this is the most,"" ""the worst,"" or ""the new big thing."" The headline doesn't use such strong adjectives, it's more neutral. It's just stating a fact without any emotional charge.

Another angle is the purpose behind the headline. If it's meant to provoke action or create fear, it might be clickbait. But here, it's just a statement of a fact, so it's more likely to be non-clickbait.

So, putting it all together, the headline is factual and doesn't have the emotional or aggressive language typical of clickbait. It's just stating a statistic without any push for action or emotion. Therefore, it's non-clickbait.
</think>

0"
Australia's richest man dies aged 68,0,0,"Okay, so I need to figure out if the headline ""Australia's richest man dies aged 68"" is clickbait or not. Hmm, clickbait usually refers to headlines that are sensational, often with a lot of hype, and are designed to attract attention without necessarily providing the full information. 

First, I should consider what clickbait headlines typically look like. They often have a strong emotional appeal, use sensational language, or include numbers that are impressive or surprising. They might also be framed in a way that makes the person reading feel like they should be paying attention, even if they don't.

Looking at the headline, it's pretty straightforward: the richest man in Australia dies at 68. That's a specific and factual statement. It doesn't seem to have any emotional tone or sensationalism. It's just a news item that's likely to be taken seriously, but it's not trying to entice people to click or subscribe. 

I should also think about the context. The richest man in Australia is a well-known figure, so the headline is probably intended to inform or inform people about his passing. It's not trying to create a buzz or make people feel like they should be following the story. It's more of a factual update.

Another angle is to consider the structure of the headline. It's concise and to the point, which is typical of clickbait. Clickbait headlines often have a punchy, jarring statement that's hard to ignore. This headline doesn't have that kind of structure; it's just a simple statement of an event.

I should also think about the audience. If someone is looking for news about the richest man in Australia, they might be interested in the details of his passing. But the headline itself isn't designed to entice them to read more. It's just a straightforward piece of news.

So, putting it all together, the headline doesn't have the elements of clickbait. It's factual, concise, and doesn't attempt to entice attention. Therefore, it's non-clickbait.
</think>

0"
I Lived Without A Phone For One Week And Here's What I Learned,1,0,"Okay, so I need to figure out if the headline ""I Lived Without A Phone For One Week And Here's What I Learned"" is clickbait. Hmm, clickbait headlines are usually those that sound like they're promoting something super powerful or that the author is making a bold statement. They often have a lot of emotional appeal or are about making a big claim.

Looking at the headline, it's talking about living without a phone for a week and what that means. It's a personal story, which is common, but does it sound like it's promoting something? I don't see any indication of a product or a big idea here. It's more about personal experience and learning from it.

I should also consider the tone. Clickbait often uses strong adjectives or hyperbole. This headline doesn't use any of that. It's straightforward and factual. There's no promise or bold statement here. It's just a simple story about living without a phone and learning from it.

So, putting it all together, this headline doesn't seem clickbait. It's just a personal, factual story without any emotional or promotional elements. Therefore, the answer should be 0 for non-clickbait.
</think>

0"
Friendly Reminder That Joseph Gordon-Levitt Was The Most Adorable Child,1,0,"Okay, so I need to figure out if the headline ""Friendly Reminder That Joseph Gordon-Levitt Was The Most Adorable Child"" is clickbait. Hmm, clickbait usually means something that's catchy, tempting, and designed to draw attention without necessarily being truthful or accurate. 

First, I should break down the headline. It's a reminder, so it's probably meant to inform or inform people about something. The key part is ""Joseph Gordon-Levitt."" I know Gordon-Levitt is a well-known figure in media, especially in the context of ""The Good Wife"" and ""The Good Wife: The Unintended Consequences."" He's often praised for his charm and ability to make people feel good about themselves.

The phrase ""The Most Adorable Child"" is pretty strong. Adorability is a big word, and it's often used to describe someone's personality or character. I think it's a common phrase, so it's not necessarily clickbait. Clickbait often uses strong adjectives or phrases that are meant to attract attention, but they're usually followed by a question or a call to action.

So, putting it together, the headline is a reminder that Gordon-Levitt is one of the most adorably child-like. It's not trying to make a claim or question; it's just a statement of admiration. It's concise and straightforward, which is typical of non-clickbait headlines. They're meant to inform or inform without being misleading.

I don't see any elements of clickbait here. It's not promoting something false or making a claim that's not true. It's just a statement of admiration, which is a common and non-pressing tone. Therefore, I would say this is a non-clickbait headline.
</think>

0"
21 Agonizing Truths For People Who Feel Too Much,1,1,"Okay, so I need to figure out if the headline ""21 Agonizing Truths For People Who Feel Too Much"" is clickbait. Let me break this down. Clickbait usually involves sensationalism, shock value, or a lot of fluff. The headline mentions ""21 Agonizing Truths,"" which sounds like a lot of serious, intense information. It's also about people feeling ""too much,"" which could imply that they're overwhelmed or stressed. 

I should consider the tone. The word ""agonizing"" is a strong, negative term that suggests pain or suffering. It's not just a statement of fact but a statement of intense emotion. The phrase ""For People Who Feel Too Much"" adds a personal touch, making it seem like a challenge or a burden. 

Clickbait often uses emotional language to create a sense of urgency or inevitability. Here, the headline is making a claim that people might not agree with, which could be seen as a challenge to their beliefs or a way to push them to take action. The use of ""too much"" adds to the intensity, making it seem like a serious problem that needs attention. 

Also, the structure of the headline is straightforward, which is typical of clickbait. It's concise and direct, aiming to grab attention without much explanation. The combination of ""21 Agonizing Truths"" and the emotional tone makes it stand out as something that could be a threat or a challenge. 

So, putting it all together, the headline is using strong language, emotional language, and a direct statement to create a sense of urgency and intensity, which are key elements of clickbait. Therefore, it's likely clickbait.
</think>

1"
Fußball-Bundesliga 2008–09: Borussia Dortmund name Klopp as Head Coach,0,0,"Okay, so I need to figure out if the news headline "" Fußball-Bundesliga 2008–09: Borussia Dortmund name Klopp as Head Coach"" is clickbait or not. Hmm, clickbait usually refers to headlines that are designed to attract attention without necessarily providing the full information. They often use strong language or make claims that are surprising or sensational.

Looking at the headline, it's about Borussia Dortmund in the Bundesliga 2008-09 season, and it names Klaas Kuppenberg as their new head coach. I know Kuppenberg is a well-known football coach, so that might be a red flag. But is it clickbait? Well, clickbait often relies on the surprise factor. If someone is about to name a coach, especially a big name, it might be to grab attention. However, the headline doesn't provide much detail about the coach's background or the significance of the move. It's more of a statement than a question or a claim.

I should also consider the context. The Bundesliga is a major football competition, and naming a coach is a common event. But without more information, it's hard to say if it's clickbait. It's more of a factual announcement than a sensationalist one. So, I think it's non-clickbait because it's straightforward and doesn't rely on surprise or sensationalism.
</think>

0"
What Do You Wish You'd Known About Breast Cancer Before Being Diagnosed,1,1,"Okay, so I need to figure out if the headline ""What Do You Wish You'd Known About Breast Cancer Before Being Diagnosed"" is clickbait or not. Hmm, clickbait usually refers to headlines that are designed to attract attention without necessarily providing useful information, often with a strong emotional appeal or a promise of something significant. 

Let me break down the headline. It's asking what someone would have known about breast cancer if they had known it before being diagnosed. That seems like it's trying to make the reader feel like they should know more about breast cancer, which might be a bit of a sales pitch. It's not just a question; it's a request for information, which could be persuasive.

But wait, is it clickbait? I think clickbait often involves making a claim that's not true or making a promise that's not deliverable. In this case, the headline is asking a question, not making a claim. It's more of a rhetorical question, which is common in clickbait. It's designed to provoke a reaction, maybe to encourage people to learn more or to seek information, but it doesn't promise anything or provide a clear benefit.

So, considering all that, I think this headline is clickbait because it's asking a question that's meant to draw attention and encourage further information, without delivering any specific content or promise. It's a bit of a sales tactic to get people to engage with more information about breast cancer.
</think>

1"
Mass protest grows against Kudankulam nuclear power plant in India,0,0,"Okay, so I need to figure out if the headline ""Mass protest grows against Kudankulam nuclear power plant in India"" is clickbait. Hmm, clickbait usually refers to headlines that are designed to attract attention without necessarily being serious or fact-based. They often use strong language, make broad claims, or imply something significant without providing enough evidence.

Looking at the headline, it's about a protest growing in India against a nuclear power plant named Kudankulam. I know that nuclear power plants can be controversial, especially in regions like India where there's a lot of concern about safety and environmental impact. Protests can sometimes be driven by fear of environmental harm, economic concerns, or just public sentiment.

Now, the word ""mass"" in the headline suggests a large number of people involved, which is a common tactic in clickbait. It implies that the protest is widespread and significant, which can make the headline seem more impactful. However, without specific details about the protest's scale, its impact, or the reasons behind it, it's hard to say if it's clickbait. It could be a genuine concern expressed in a way that's attention-grabbing, but it might not be the most serious or factually accurate.

I should also consider the context. In India, there have been several nuclear plant incidents, including accidents, which have led to protests. The Kudankulam plant, being one of the largest, has faced criticism. So, a growing protest against it could be a legitimate concern, but the headline doesn't specify the reasons or the scale, making it a bit ambiguous.

In summary, while the headline uses strong language and mentions a growing protest, it doesn't provide enough information to determine if it's clickbait. It could be a genuine concern expressed in a way that's attention-grabbing, but without more context, it's safer to consider it non-clickbait.
</think>

0"
Here's Why Ciara's Post-Baby Style Is Dope AF,1,1,"Okay, so I need to figure out if the headline ""Here's Why Ciara's Post-Baby Style Is Dope AF"" is clickbait or not. Let me start by understanding what clickbait means. Clickbait is a type of content that's designed to attract attention and make people feel like they should click, but it's often misleading or fake. It usually has a catchy phrase, a strong claim, and a way to make people feel like they should take action or be interested.

Looking at the headline, it's a statement about Ciara's post-baby style. The phrase ""Dope AF"" is pretty strong and makes me think it's meant to be attention-grabbing. Ciara is a well-known singer, so her post-baby style is probably something people are curious about. The idea that her style is ""dope"" might be a way to make people want to read more or click on the link.

I should also consider the context. The headline is from a news source, so it's likely from a reputable place. The mention of Ciara's post-baby style is specific, which adds credibility. The use of ""dope AF"" is a strong, catchy phrase that could be used to entice readers to click on the link.

Is there any reason this wouldn't be clickbait? Well, it's not just a catchy phrase; it's a genuine statement about her style. It's not just a joke or a trend; it's a factual claim. The fact that it's from a news source makes it more likely to be truthful and not just a clickbait claim.

I also think about the target audience. If someone is into pop culture, music, or fashion, they might be interested in Ciara's post-baby style. The headline is likely meant to inform or inform people about her new look, which would make it more credible than something that's just a random clickbait statement.

So, putting it all together, the headline seems to be designed to grab attention with a strong claim and a catchy phrase, making it clickbait. It's also backed by Ciara's popularity and the target audience's interest in her fashion.
</think>

1"
10 Adorable Kids Who Have Way Better Style Than You,1,0,"Okay, so I need to figure out if the headline ""10 Adorable Kids Who Have Way Better Style Than You"" is clickbait. Hmm, clickbait usually means something that's catchy, tempting, and designed to get people to click on a link or take an action without necessarily being truthful or accurate. 

Looking at the headline, it's talking about kids who have better style than the person reading it. That sounds like it's comparing themselves to others, which can be a bit self-centered. But is it clickbait? I'm not sure. Maybe it's just a statement of admiration, which is a common tactic in media to make people feel good about themselves. 

I should consider the context. If the headline is part of a campaign or article promoting self-improvement, it might be more about motivation rather than being clickbait. Clickbait often comes from a desire to attract attention, so if the headline is just a statement without any context, it might not be clickbait. 

Also, the use of ""adorable"" and ""way better style"" could be part of a fun or playful tone, which is different from the more aggressive or self-centered language often used in clickbait. So, it's more about admiration and self-acceptance rather than being a manipulative tactic. 

I think the answer is 0 because it's not designed to attract attention or manipulate, but rather to express admiration and self-acceptance, which is a common and non-clickbait tactic.
</think>

0"
Leonardo DiCaprio's Face When Lady Gaga Walked By Him To Accept Her Award Is Everything,1,1,"Okay, so I need to figure out if the headline ""Leonardo DiCaprio's Face When Lady Gaga Walked By Him To Accept Her Award Is Everything"" is clickbait. Hmm, clickbait is when a headline is catchy, tempting, and makes people want to click, but it's not necessarily a serious issue or factually correct. 

First, I should break down the headline. It mentions Leonardo DiCaprio, Lady Gaga, and the fact that his face is everything when she walks by him to accept her award. That sounds like a lot of attention and attention-grabbing language. 

I know that clickbait often uses strong adjectives or phrases that make the content seem exciting or attention-seeking. Here, ""Everything"" is a strong word that could imply a lot of attention or something significant. 

Also, Lady Gaga is a well-known and popular figure, so mentioning her in a headline is common and can be seen as attention-grabbing. 

I should consider if the headline is just catchy or if it's making a claim that's not true. The headline doesn't provide any information about DiCaprio's relationship with Lady Gaga or any specific event. It's just stating that his face is everything when she accepts an award, which doesn't seem to be a fact or a serious point. 

So, putting it together, the headline uses strong language and is attention-grabbing, which are characteristics of clickbait. Therefore, it's likely clickbait.
</think>

1"
This Is What $4 Of Street Food Looks Like Around The World,1,0,"Okay, so I need to figure out if the headline ""This Is What $4 Of Street Food Looks Like Around The World"" is clickbait. Hmm, clickbait usually refers to headlines that are catchy, tempting, and designed to draw attention without necessarily providing the full information. They often use strong adjectives and make the topic seem more exciting than it really is.

Looking at the headline, it's talking about street food costing $4 and comparing it to what it looks like around the world. That sounds like it's comparing the price of a meal to something else, which might be a bit off. Street food is usually affordable, so $4 seems a bit high unless it's a very expensive place. Also, the comparison to what it looks like could be misleading because street food is more about taste and variety than physical appearance.

I remember that clickbait often uses phrases like ""amazing,"" ""incredible,"" or ""must-see"" to make the reader want to click. This headline doesn't use those strong adjectives. Instead, it's more of a statement about the cost and comparison, which might be more informative than just tempting. It's not trying to sell something or make a claim; it's just presenting a fact in a way that might seem enticing.

So, putting it together, the headline is not clickbait because it's not trying to sell or entice, just presenting information about the cost and comparison of street food. It's more of a factual statement rather than a hook for attention.
</think>

0"
Can You Pass This Texas Food Test,1,0,"Okay, so I need to figure out if the headline ""Can You Pass This Texas Food Test"" is clickbait. Hmm, clickbait usually refers to headlines that are designed to attract attention without necessarily providing useful information. They often make people feel like they're being misled or that the information is too good to be true.

First, I should break down the headline. It's asking if someone can pass a food test in Texas. That sounds like a challenge or a test, which might be a bit intimidating. But I'm not sure if that's clickbait. Maybe it's just a test, like a quick check to see if someone knows something about Texas foods.

I should consider the context. If it's a test, it's probably meant to be a quick check, not something that would attract a lot of attention. Clickbait often involves something that's surprising or surprising enough to make people feel like they're being lied to or misled. But in this case, it's a straightforward question about passing a test, which doesn't seem to be designed to attract attention.

Also, the word ""Can You Pass"" makes me think it's a question that's either true or false, not something that's meant to provoke a reaction. Clickbait often involves questions that are meant to be answered with a yes or no, but in this case, it's more of a statement than a question.

I should also think about the target audience. If it's a test, it's probably for people who are curious or interested in food, maybe for a quick check. It's not something that would be used to attract clicks or attention. It's more of a straightforward question.

Another angle is to consider the structure. Clickbait headlines often have a certain structure, like ""Can You Do This?"" or ""Will You Pass This Test?"" These are common in clickbait because they're designed to be surprising and attention-grabbing. But in this case, the question is more about passing a test, which doesn't fit the clickbait structure.

I should also think about the potential for manipulation. If the test is designed to be manipulated, it might be more clickbait. But the headline doesn't mention anything about manipulation, so that's probably not the case.

In summary, the headline is asking a straightforward question about passing a test in Texas, which doesn't seem to be designed to attract attention or provoke a reaction. It's more of a test question, so it's likely non-clickb"
"Six-year-old boy dies two weeks after falling through icy pond in Berkshire, England",0,0,"Okay, so I need to figure out if the headline ""Six-year-old boy dies two weeks after falling through icy pond in Berkshire, England"" is clickbait or not. Hmm, clickbait headlines are usually those that are sensational, have a lot of emotional appeal, or are designed to make people feel like they should believe the story. They often use strong adjectives, make the situation seem dramatic, or imply something about the person or the situation itself.

Looking at the headline, the key points are: a six-year-old boy, died two weeks after falling through an icy pond in Berkshire, England. The action is dramatic, the location is specific, and the time frame is clear. But is that enough to make it clickbait?

I remember that clickbait often includes elements like ""believe,"" ""guilty,"" ""guilty as sin,"" or ""the worst thing ever."" The headline doesn't use any of those words. It's more about the event itself rather than the person or the situation. It's just stating what happened without any emotional or dramatic implications.

Also, the use of ""two weeks after"" adds a sense of urgency and immediacy, which can be engaging. But without the emotional charge or the strong language, it's not clickbait. Clickbait often relies on emotional triggers or strong statements, not just factual information.

So, putting it together, the headline is factual and descriptive, focusing on the event without any emotional or dramatic elements. Therefore, it's non-clickbait.
</think>

0"
Finger found in frozen custard by North Carolina man,0,0,"Okay, so I need to figure out if the headline ""Finger found in frozen custard by North Carolina man"" is clickbait or not. Hmm, clickbait usually refers to headlines that are designed to attract attention, often with a strong, exaggerated claim. They often use words like ""huge,"" ""secret,"" or ""discovery,"" and they might include some humor or surprise.

Looking at the headline, it says a finger was found in frozen custard. That's pretty surprising because I don't think any real people have found fingers in food. It's more of a joke or a humorous claim. The person is from North Carolina, which is a state in the US, but that doesn't really add to the clickbaity aspect.

I should also consider the context. If the headline were about a real discovery, like a new species or a famous person, it might be clickbait. But here, it's a fictional scenario, so it's more about humor. Clickbait often relies on surprise and exaggeration, but in this case, the surprise is in the absurdity of the claim.

So, putting it together, the headline is more about humor and surprise than a genuine discovery or significant event. Therefore, it's non-clickbait.
</think>

0"
This Guy Forgot His ID And Became Every Bouncer's Worst Nightmare,1,1,"Okay, so I need to figure out if the headline ""This Guy Forgot His ID And Became Every Bouncer's Worst Nightmare"" is clickbait. Hmm, clickbait is usually something that's catchy, makes people feel like they should believe it, and is designed to get people to click on a link or read more. It often has a strong emotional appeal or a surprising twist.

Looking at the headline, it's about a guy who forgot his ID and ended up being the worst nightmare for every bouncer. That's pretty strong. It's not just a fact; it's a story that's probably making people feel bad or worried. It's a bit of a meme or a meme meme, which are often clickbait because they're popular and can be easily shared.

I should consider if it's too strong or if it's just a funny or relatable situation. The guy forgetting his ID is a common issue, and being the nightmare for bouncers is a funny twist. It's not just a statement; it's a narrative that can be easily visualized and shared, which is typical of clickbait content.

Also, the use of ""worst nightmare"" adds a layer of concern and makes it seem like a serious issue, which can be persuasive. It's not just a joke; it's a serious problem that's being exaggerated to make people feel worse about it.

So, putting it all together, the headline seems to be designed to make people feel bad or worried, which is a common tactic in clickbait. It's concise and has a strong emotional impact, making it clickbait.
</think>

1"
"Passenger claims to have bomb, killed by air marshals at Miami International Airport",0,1,"Okay, so I need to figure out if the headline ""Passenger claims to have bomb, killed by air marshals at Miami International Airport"" is clickbait. Hmm, clickbait usually involves sensationalism, shock value, or a lot of hype without much substance. Let me break this down.

First, the headline mentions a passenger claiming to have a bomb. That's pretty serious and could be a news story. Then it says the passenger was killed by air marshals. Air marshals are people who handle the airport's air traffic, right? So, they're responsible for managing the airport's operations, not necessarily the security or security systems.

Wait, but if the marshals killed the passenger, that's a serious incident. Maybe it's a case of negligence or something. But the key here is the wording. It's not just a bomb being dropped; it's a passenger being killed by marshals. That seems like a shocking and sensationalized statement. 

I remember that clickbait often uses exaggerated claims, sensational language, and makes people feel like they're about to be killed or have a big problem. This headline does that. It's not just a news story; it's a statement that's likely to make people feel unsafe or anxious. 

Also, the use of ""passenger"" and ""killed"" suggests a serious threat, which is a common tactic in clickbait. It's not just a joke or a funny incident; it's a serious issue that could have serious consequences. 

So, putting it all together, this headline is likely clickbait because it's sensational, uses shock value, and makes people feel like they're about to be killed or have a big problem. It's not just a news story but a statement that's meant to shock and make people feel unsafe.
</think>

1"
"We Asked Jake Gyllenhaal And Jason Clarke Who They Would Bring On An ""Everest"" Climb",1,1,"Okay, so I need to figure out if the headline ""We Asked Jake Gyllenhaal And Jason Clarke Who They Would Bring On An 'Everest' Climb"" is clickbait or not. Hmm, clickbait headlines are usually those that sound like they're going to make people want to click or share, often with a catchy phrase or promise. They usually have a lot of promise, a lot of excitement, and a lot of promises that aren't fulfilled.

Looking at the headline, it's about asking two people to reveal who they'd bring on an ""Everest"" climb. That's pretty bold and makes me think it's trying to get people to click or share it. The phrase ""Who They Would Bring"" is a common clickbait tactic, implying that the person will bring something significant. The mention of Jake Gyllenhaal and Jason Clarke, who are both known for their climbing records, adds to the excitement. They're famous for their climbing, so this could be a way to promote their climbing skills or maybe even their books or something.

But wait, is it clickbait? I'm not sure. Sometimes, people use clickbait headlines to get people to share their opinions or to promote their work. It's a way to entice clicks. So, even though it's a bold statement, it's not necessarily clickbait because it's just a way to get people to click. It's more about generating interest or attention than making people click.

I think the key here is whether the headline is trying to make people click or just to get people interested. Since it's a bold statement with a lot of promise, it might be clickbait, but it's also a way to get people to share the information. So, maybe it's a bit of both. But the user asked to answer with 1 for clickbait or 0 for non-clickbait. So, I think it's clickbait because it's trying to get people to click, even if it's not the most effective way.
</think>

1"
World Food Program told to leave North Korea,0,0,"Okay, so I need to figure out if the headline ""World Food Program told to leave North Korea"" is clickbait or not. Let me start by understanding what clickbait means. Clickbait is a type of content that's designed to attract attention, often with a strong emotional appeal or a false sense of authority. It's usually used to create a sense of urgency or to make people feel like they should take action.

Looking at the headline, it's a direct statement from the World Food Program (WFP) about leaving North Korea. The WFP is a well-known international organization that works to provide food and resources to developing countries. They're a reputable entity, so the statement seems legitimate. However, the way it's phrased is a bit concerning. It's not just a statement; it's a directive to leave, which might imply that the WFP is considering whether to continue their operations there.

Now, I should consider the context. The WFP is involved in international aid, so their statements are usually aimed at maintaining their mission. However, leaving a country can have significant implications. It might affect their ability to provide food, healthcare, and other essential resources. The headline suggests that the WFP is considering this decision, which could be seen as a strategic move to either improve their operations or to focus on other areas.

But is this a clickbaity statement? Clickbaity often involves making a strong claim with little supporting evidence or a false sense of authority. In this case, the statement is factual but the implication is that the WFP is considering a decision that could have negative consequences. It's not just a statement; it's a directive that could be seen as a threat or a strategic move.

I also need to think about the tone. The headline is straightforward and factual, but the way it's phrased might be a bit aggressive. It's not just a simple statement; it's a call to action, which can be clicky because it's direct and clear. However, the lack of context about the implications makes it less clickbaity than a statement that's more vague.

Another angle is to consider the target audience. If the headline is meant to attract attention to a specific issue, it might be more clickbaity. But in this case, the headline is more about the WFP's decision rather than a specific problem. It's a factual statement, but the way it's phrased could be seen as manipulative or misleading.

I should also think about the"
The Hardest NHL Logo Quiz You'll Ever Take,1,1,"Okay, so I need to figure out if the headline ""The Hardest NHL Logo Quiz You'll Ever Take"" is clickbait. Hmm, clickbait is usually something that's catchy, tempting, and designed to grab attention without necessarily providing the information. It often uses strong language, makes the reader feel like they should be on board, and sometimes includes a bit of humor or surprise.

Looking at the headline, it's about a quiz involving NHL logos. NHL is the National Hockey League, so it's a sports league. The phrase ""hardest"" suggests it's a tough challenge. ""You'll Ever Take"" adds to the intrigue, making it seem like a big deal. It's not just a simple question but something that would challenge even the most dedicated fans.

I should consider the tone. Clickbait often uses words like ""amazing,"" ""brilliant,"" or ""mind-blowing."" This headline does that. It's not just a question but a statement that's meant to provoke or amuse. It's not just informative; it's designed to make people think or feel something, which is typical of clickbait.

Also, the structure is concise. It's a single sentence with a clear purpose. Clickbait headlines often have a punchy, attention-grabbing structure. This headline does that by immediately presenting the challenge and the nature of the quiz.

I don't see any negative elements here. It's not offensive or factually incorrect. It's more about the challenge itself. So, putting it all together, the headline is designed to make people feel like they should be up for the challenge, which is the essence of clickbait.
</think>

1"
Can We Guess If You'll Get Married This Year Based On Your Favorite Emoji,1,1,"Okay, so I need to figure out if the headline ""Can We Guess If You'll Get Married This Year Based On Your Favorite Emoji"" is clickbait. Hmm, clickbait usually has a catchy phrase, a strong claim, and a way to entice people to click or believe something. 

Let me break it down. The headline is about guessing if someone will get married based on their favorite emoji. That's pretty funny and has a playful tone. It's not just a statement; it's a play on words. It's trying to make people think about the relationship between emojis and dates, which is a common meme trend. 

I remember that clickbait often uses humor, sarcasm, or a clever twist to grab attention. This headline does that by combining a meme idea with a claim about guessing. It's not just a statement; it's a meme that's meant to be funny and intriguing. 

So, considering all that, it seems like this headline is clickbait because it's designed to make people laugh and wonder, which is exactly what clickbait aims to do. It's not just a fact; it's a meme that's meant to engage and entertain, which are key elements of clickbait content.
</think>

1"
"RIA Novosti celebrates 70th anniversary, uploads 100 images to Wikimedia Commons",0,1,"Okay, so I need to figure out if the headline ""RIA Novosti celebrates 70th anniversary, uploads 100 images to Wikimedia Commons"" is clickbait or not. Hmm, clickbait usually has a catchy name, a strong claim, and a lot of fluff. Let me break it down.

First, the headline mentions a 70th anniversary. That's a big deal, but not necessarily clickbait. Then, it says they're celebrating it and uploading 100 images to Wikimedia Commons. That's a lot of images, but it's not something that's usually highlighted in news headlines. 

Wait, I should consider the structure. Clickbait headlines often have a strong claim, a catchy name, and a lot of fluff. Here, the main points are the anniversary and the image uploads. The image part is a lot, but it's not the main focus. The name ""Novosti"" is catchy, but it's not something that's usually in clickbait headlines. 

Also, the word ""celebrates"" adds to the clickbaity feel. It's a strong verb that makes the headline seem more like a statement than a factual update. So, putting it all together, the headline has a strong claim, a catchy name, and a lot of fluff, which are all elements of clickbait. Therefore, it's clickbait.
</think>

1"
What Happens When Flies Land In Your Food,1,0,"Okay, so I need to figure out if the headline ""What Happens When Flies Land In Your Food"" is clickbait. Hmm, clickbait usually refers to headlines that are catchy, tempting, and designed to draw attention without necessarily providing the information. They often use strong adjectives or phrases that make people feel like they should be paying attention.

Looking at the headline, it's a bit vague. It says ""What Happens When Flies Land In Your Food."" I'm not sure what exactly it's referring to. Maybe it's a typo or a misphrasing. If it's about something like flies landing on food, like in a restaurant or a restaurant setting, that could be a possible angle. But without more context, it's hard to tell.

Alternatively, it could be a play on words. ""Flies"" could mean something else, like a flying car or a flying car landing on food. But that's speculative. Clickbait often relies on strong, specific terms or phrases that are easy to understand but have a negative connotation.

Another angle is the structure of the headline. It's a question, which is common in clickbait, but the wording is a bit off. It's not a straightforward question but more of a statement. Clickbait often uses strong adjectives or phrases that make the statement seem more dramatic than it is.

I also need to consider the context. If this headline is from a news source, it's possible that the author is trying to entice readers by making them think about the implications of something, even if it's not a serious issue. But without knowing the source, it's hard to say.

In general, clickbait headlines are designed to be attention-grabbing and to make people feel like they should take action or pay attention. They often use strong adjectives, make the statement seem more important than it is, or use a structure that makes it seem more urgent or dramatic.

So, putting it all together, the headline is somewhat vague and uses strong adjectives, which might make it seem tempting or attention-grabbing. However, without more context, it's hard to definitively say it's clickbait. It could be non-clickbait if it's just a playful or humorous statement without the negative connotations associated with clickbait.

I think the best answer is 0, non-clickbait, because the headline is too vague and doesn't present a clear, negative statement that would attract clickbait tactics"
"Car crash on A37 near Bristol, two dead",0,0,"Okay, so I need to figure out if the headline ""Car crash on A37 near Bristol, two dead"" is clickbait or not. I'm not super familiar with clickbait, but I know it's a term used in media to describe headlines that are too sensational or alarmist. They often make people feel like they should act or believe something without proper evidence.

First, I should break down the headline. It mentions a car crash on A37 near Bristol, with two people dead. That's pretty serious and could be a news story. But is it clickbait? I think clickbait headlines are usually exaggerated, sensational, or make people feel like they should take action immediately.

In this case, the headline is factual but also negative. It's not just a simple statement; it's a news event. I don't recall hearing this exact headline before, but I know that some headlines are clickbait because they're sensational or make people feel like they should take immediate action, even if the information isn't up to date or isn't credible.

I should also consider the context. A car crash near Bristol is a specific location, which might make it seem more dramatic, but it's still a news event. Clickbait often involves sensationalism, so even though it's a serious event, the way it's presented might be clickbait.

I'm not sure if the person who made this headline is trying to make people feel bad or make them feel like they should act. It's more about the news itself, not the emotions. So, it's probably not clickbait because it's not just a statement but a news event that could be covered in a news article.

Wait, but sometimes sensational headlines are clickbait because they're designed to make people feel like they should take action. If this headline is meant to make people feel like they should be worried or take immediate action, it might be clickbait. But without more context, it's hard to tell.

I think the key here is whether the headline is sensational or not. If it's just a factual news story, it's non-clickbait. If it's sensational or makes people feel like they should take action, it's clickbait. Since the headline is about a car crash, which is a serious news event, it's more likely to be non-clickbait unless it's specifically designed to be sensational.

I'm leaning towards it being non-clickbait because it's a factual news headline"
2012 Report on Gender Equality and Development looks at women's issues in India,0,0,"Okay, so I need to figure out if the given news headline is clickbait or not. The headline is: ""2012 Report on Gender Equality and Development looks at women's issues in India."" 

First, I should understand what clickbait means. Clickbait is a type of content that is designed to attract attention and make people feel like they should read it, often with the intent to manipulate or influence the reader's opinion. It usually has a strong emotional appeal, a catchy title, or a premise that is surprising or sensational.

Looking at the headline, it's a report from 2012 about gender equality and development in India. It specifically mentions women's issues. Now, I need to determine if this is clickbait. 

I know that news headlines can be clickbait if they are sensational, have a strong emotional appeal, or if they are designed to manipulate the reader's expectations. In this case, the headline is factual and informative, providing details about a report on gender equality in India. It doesn't seem to be promoting anything or making a claim that would be seen as manipulative.

The report itself is a news item, so the headline is just a summary. It's not a claim that someone is lying or manipulating others. It's just presenting information about a study or report. Therefore, it doesn't seem clickbait.

I should also consider the context. The headline mentions India, which is a specific country, and gender equality, which is a common topic. However, without more context, like the source of the report or the intent behind the headline, it's hard to say. But based on the information given, it's a factual report, not clickbait.

So, after thinking through this, I would conclude that the headline is non-clickbait.
</think>

0"
Bell Canada to discontinue beaver mascots,0,0,"Okay, so I need to figure out if the headline ""Bell Canada to discontinue beaver mascots"" is clickbait or not. Hmm, clickbait usually refers to headlines that are sensational, often with a strong emotional charge or promise of something big, but not necessarily factually accurate. 

First, I should break down the headline. It mentions Bell Canada, which is a well-known company, so that's not a red flag. The term ""discontinue beaver mascots"" is a bit tricky. I know that Beaver mascots are usually associated with Canadian sports teams, like the Blue Bombers, and they're often used to promote the team. So, Bell Canada is considering ending these mascots, which could be a strategic move to cut costs or focus on other areas.

Now, is this headline clickbait? It depends on the context. If Bell Canada is a major player in the Canadian sports industry, and they're considering this move, it might be seen as a strategic decision by a major brand. But if the intention is just to make a joke or mock the company, it might not be clickbait. 

I should also consider the tone. The headline is pretty straightforward and doesn't have any strong emotional language. It's more of a factual announcement. Clickbait often uses strong language, makes promises, or is based on a stereotype. In this case, the announcement is about discontinuing a product or service, which is a factual statement, not a joke or a strong claim.

So, putting it together, the headline is factual and not necessarily sensational. It's more of a business decision, which is non-clickbait. Therefore, the answer should be 0.
</think>

0"
Danish and Norwegian embassies set on fire,0,1,"Okay, so I need to figure out if the headline ""Danish and Norwegian embassies set on fire"" is clickbait or not. Hmm, clickbait usually refers to headlines that are designed to attract attention, often with a strong emotional appeal or a sense of urgency. They often include words like ""probably,"" ""could,"" or ""might,"" and they're meant to make people feel like they should take action.

Looking at the headline, it's about embassies in Denmark and Norway being set on fire. That's a pretty serious and potentially dangerous statement. I know that embassies are official visits by a country's government to another country, and they usually have a good reputation for being respectful and professional. But setting them on fire could be seen as a threat to their reputation and could have serious consequences.

I should consider the context. Are embassies usually allowed to burn? I don't recall any official documents or regulations that would allow embassies to be burned. It seems like a completely outlandish and potentially dangerous idea. The mention of embassies suggests a high level of importance, which is a red flag for clickbait because it's designed to provoke action or attention.

Also, the use of the word ""probably"" in headlines is often a red flag for clickbait. It implies that the author believes something is going to happen, which is a common tactic to create a sense of urgency or fear. In this case, the embassies being set on fire could be seen as a possible threat, making the headline more likely to be clickbait.

Another angle is the emotional appeal. Clickbait often uses strong adjectives or phrases that evoke strong emotions, like fear, anger, or urgency. The idea of embassies being on fire could be seen as a way to make people feel like they should be concerned about something serious, which is a common tactic in clickbait headlines.

Putting it all together, the headline is setting up a serious and potentially dangerous scenario, which is a clear indicator of clickbait. The use of ""probably"" and the fear of consequences are also strong signs. Therefore, I think this headline is clickbait.
</think>

1"
"How Well Do You Remember Nicki's Verse In ""Monster""",1,1,"Okay, so I need to figure out if the headline ""How Well Do You Remember Nicki's Verse In 'Monster'"" is clickbait. Hmm, clickbait usually refers to headlines that are designed to attract attention without providing much information, or they're so compelling that they make people feel like they should click on the link. 

First, I should break down the headline. It's talking about how well someone remembers Nicki's verse from the song ""Monster."" So, it's a question about memory and the song. The word ""How Well"" suggests that it's a question or a statement about the quality of someone's memory. 

Now, clickbait often uses phrases like ""Is this the most popular song ever?"" or ""Who's the best at remembering?"" These are questions that are designed to grab attention without giving much context. They're not informative but are meant to provoke a reaction. 

In this case, the question is about memory, which is a topic that can be informative. But the way it's phrased makes it seem like it's a statement or a claim that's meant to be attention-grabbing. It's not just asking a question; it's making a claim about the quality of someone's memory. 

I should also consider the context. The song ""Monster"" is a well-known song, so the question is about a specific aspect of it. But the headline itself is more of a statement than a question. It's not asking for a fact or opinion but rather a statement about memory. 

Additionally, clickbait often uses strong adjectives or phrases that are meant to make people feel superior or confident. For example, ""The best at remembering"" or ""The most accurate."" The phrase ""How Well Do You Remember"" doesn't use such strong adjectives. It's more of a straightforward question. 

So, putting it all together, the headline is a statement that's designed to grab attention without providing much information. It's not informative but serves to attract someone's interest. Therefore, it's likely clickbait.
</think>

1"
European Soccer Wrestles With Its Inner Demons,0,0,"Okay, so I need to figure out if the headline ""European Soccer Wrestles With Its Inner Demons"" is clickbait or not. Hmm, clickbait usually refers to headlines that are catchy, tempting, and designed to grab attention without necessarily providing the full information. They often use strong language or phrases that make people feel like they should be paying attention.

Looking at the headline, it's about European soccer wrestlers dealing with their inner demons. That's pretty intense and could be seen as a serious issue, maybe even a bit dark. But is it clickbait? I'm not sure. Sometimes, headlines that are serious or have a strong emotional tone can be clickbait, but they can also be informative and well-crafted.

I should consider the context. If the headline is meant to provoke a reaction or make people think about something serious, it might be clickbait. But if it's just a catchy phrase without any deeper meaning, it might not be clickbait. The word ""wrestles with its inner demons"" is pretty strong, but it's also a bit of a mouthful. Maybe it's just a way to express frustration or a tough situation.

I also need to think about the structure. Clickbait headlines often have a strong verb or strong adjectives. This one does have a strong verb, ""wrestles,"" but it's followed by a phrase that's a bit more descriptive. It's not a typical clickbaity structure. It's more of a statement rather than a hook.

Another angle is to consider the audience. If the headline is meant to inform or provide information, it's less likely to be clickbait. If it's meant to entice or provoke a reaction, it might be. But in this case, the headline is more about the situation rather than an invitation to action.

I should also think about the source. If it's from a reputable news outlet, it might be more likely to be non-clickbait. But even so, the wording is strong and could be considered clickbait.

In conclusion, while the headline is strong and uses strong language, it's not necessarily clickbait because it's not a hook or a statement that's meant to provoke a reaction. It's more of a descriptive phrase that could be part of a larger narrative or informative article.
</think>

0"
22 Things Anyone Who Used LimeWire Will Remember,1,1,"Okay, so I need to figure out if the headline ""22 Things Anyone Who Used LimeWire Will Remember"" is clickbait or not. Let me start by understanding what clickbait means. Clickbait is a type of headline that's designed to attract attention and make people want to read more, often with a strong emotional appeal or a promise of something significant. It's usually short, catchy, and implies a lot of value or importance.

Looking at the headline, it's pretty short. ""22 Things Anyone Who Used LimeWire Will Remember"" is concise. The phrase ""22 Things"" is a common clickbait tactic, often used to entice people to read more. The idea is that if you've used something before, you'll remember it, which is a strong promise. It's designed to make you want to click, scroll, or read the full article.

I should also consider the context. LimeWire is a company, I think, and the headline is making a claim about its users. It's not just a generic clickbait headline; it's more of a promise that's meant to entice someone to click. The structure is similar to other clickbait headlines I've seen, like ""100% More Productive in 5 Minutes"" or ""100% Faster Results in 10 Minutes."" These are all designed to make you want to read the full content.

Another angle is the emotional appeal. The phrase ""will remember"" is a strong verb, implying a positive outcome. It's not just a statement of fact but a promise of something positive, which is a common tactic in clickbait.

I should also think about whether the headline is too vague. It doesn't specify what LimeWire is, but that's okay because clickbait can be vague as long as it's designed to entice. The key is the promise and the structure.

So, putting it all together, the headline is clickbait because it uses a strong promise, a common clickbait structure, and is designed to make the reader want to click. It's not just a statement of fact but a call to action with a strong emotional appeal.
</think>

1"
Friendly fire kills three UK soldiers in Afghanistan,0,0,"Okay, so I need to figure out if the headline ""Friendly fire kills three UK soldiers in Afghanistan"" is clickbait or not. Hmm, clickbait usually refers to headlines that are sensational, often with a lot of excitement or a strong, unverified claim. Let me break this down.

First, the headline mentions ""friendly fire."" I know that in military contexts, ""friendly fire"" can refer to the exchange of fire between soldiers, which is a common tactic. But is that considered clickbait? It depends on the context. If it's just a normal military operation, maybe not. But if it's framed as something more dramatic, like a potential threat or a surprise, that could be clickbait.

Next, the soldiers are in Afghanistan. That's a real place, so the context is legitimate. The number three is also specific, which might make it seem more dramatic. But again, without more context, it's hard to tell.

I should consider the tone. If the headline is making a strong, surprising claim, it might be clickbait. But if it's just a fact without any excitement, it's probably not. Since the user is asking to answer 1 for clickbait or 0 for non-clickbait, I need to decide based on the given information.

The headline doesn't specify why the soldiers were killed or any unusual circumstances. It's just a straightforward statement. So, without more context, it's safer to say it's non-clickbait because it's a factual claim without any sensationalism.
</think>

0"
"Matthew Edwards, honored Michigan police officer, shot and killed",0,1,"Okay, so I need to figure out if the headline ""Matthew Edwards, honored Michigan police officer, shot and killed"" is clickbait. Hmm, clickbait usually refers to headlines that are designed to attract attention without necessarily providing useful information. They often use strong language, make promises, or imply something significant without giving details.

Looking at the headline, it mentions Matthew Edwards being honored as a Michigan police officer who was shot and killed. That's a pretty strong statement. It's not just a fact; it's a statement of honor and a tragic event. The use of the word ""honor"" and the fact that it's a ""honorific"" (a term for a person's honor) adds to the potential clickbaity aspect.

I should also consider the context. If the headline is just stating a fact without any context or implications, it's less likely to be clickbait. But here, it's a statement about someone being honored for a tragic event. That makes it more likely to be clickbait because it's making a strong claim without providing more details.

So, putting it together, the headline is likely clickbait because it's a strong statement about someone being honored for a tragic event, which implies a significant and negative outcome without offering any additional information or context.
</think>

1"
Kosmos-3M rocket launches fourth SAR-Lupe satellite,0,0,"Okay, so I need to figure out if the news headline ""Kosmos-3M rocket launches fourth SAR-Lupe satellite"" is clickbait or not. I'm not super familiar with all the terms, but I'll try to break it down.

First, I know that ""Kosmos-3M"" is a rocket. I think it's one of the first rockets to go into space, maybe the first human spaceflight? I'm not entirely sure, but I remember hearing about it. It was launched in 1998, right? So it's a significant achievement because it was the first to go into orbit without a boost from Earth.

Next, ""SAR-Lupe"" is a satellite. I'm not too clear on what that stands for. Maybe it's a type of satellite? I think SAR stands for something like Synthetic Aperture Radar, which is used for imaging. So SAR-Lupe could be a satellite that uses radar technology to capture images or data.

So the headline is saying that the Kosmos-3M rocket launched its fourth SAR-Lupe satellite. That means it's the fourth time this rocket has launched a satellite. I'm not sure how common that is. Maybe it's a new type of satellite or a different mission.

Now, clickbait is usually something that's sensational, makes people feel like they should be paying attention, or is designed to make people want to read more. It often uses strong language, makes claims that are surprising or surprising, and can be misleading.

Looking at the headline, it's pretty straightforward. It's just stating that the rocket launched a new satellite. It doesn't have any strong language or make any surprising claims. It's just a factual statement about the rocket's launch.

I don't think it's clickbait because it's not trying to sell anything or make people feel like they should be reading more. It's just a simple announcement. Maybe some people might be confused or think it's a typo, but it's not clickbait.

So, after thinking through it, I don't think this headline is clickbait. It's just a straightforward news item about a rocket launch.
</think>

0"
17 Things People Who Love Food Know To Be True Around The Holidays,1,1,"Okay, so I need to figure out if the headline ""17 Things People Who Love Food Know To Be True Around The Holidays"" is clickbait. Hmm, clickbait usually refers to headlines that are catchy, tempting, and designed to draw attention without necessarily providing the full information. They often use strong adjectives and make the topic seem more important or exciting than it actually is.

Looking at the headline, it's talking about 17 things people who love food know to be true around holidays. That sounds like a list of food facts. It's not just a catchy phrase; it's also making a claim about a specific group of people. It's not just a general statement about holidays; it's about a niche group—people who love food. 

I remember that clickbait often includes terms like ""secret,"" ""tricks,"" or ""hidden truths."" This headline uses ""17 Things,"" which is a common structure in clickbait, making it seem like a comprehensive list. It's also making a claim about a specific group, which can be persuasive. The tone is tempting because it's intriguing and attention-grabbing, but it's not providing detailed information. It's more of a teaser than a factual claim.

So, putting it together, the headline is clickbait because it's catchy, uses strong language, and targets a specific audience without giving the full details. It's designed to draw people in and make them want to read more, even if the content isn't as informative.
</think>

1"
Yankees Take on a Full Lineup of Charitable Work,0,0,"Okay, so I need to figure out if the headline ""Yankees Take on a Full Lineup of Charitable Work"" is clickbait. Hmm, clickbait is when a headline is so attention-grabbing that it's tempting people to click or read it, even if it's not the most important or accurate information. 

Let me break down the headline. The Yankees are playing a full lineup of charitable work. That sounds like they're collaborating with a lot of causes, maybe even a lot of different causes. It's a bit of a bold statement because it's not just about playing sports but also about supporting various causes. 

I wonder if that's a common tactic. Sometimes, teams do that, but is it considered clickbait? I think it depends on the context. If the headline is just trying to attract attention without providing any substantial information, it might be clickbait. But if it's making a bold statement that could be taken seriously, it might not be. 

Also, the term ""charitable work"" is pretty specific. It might be implying that the team is involved in a lot of causes, which could be a good point, but it's not necessarily making the headline more attention-grabbing. It's more about the action than the content. 

I'm not sure if this is clickbait because it's not just about the team, but also about the causes they're supporting. It's a bit of a mix of action and advocacy. Maybe it's not clickbait because it's making a statement that could be taken seriously, but it's also a bold statement. 

Wait, but clickbait often relies on the idea that the headline is so attention-grabbing that it's tempting people to click, even if the content is not accurate or relevant. In this case, the headline is more about the action than the content. So maybe it's not clickbait because it's not just about attention but also about the action. 

I'm a bit torn. On one hand, it's a bold statement, and on the other, it's just a headline. I think the key is whether the headline is trying to attract attention without providing any meaningful information. Since it's making a statement about the team and the causes, it might be more about attention than clickbait. 

I think I'll go with 0, non-clickbait, because it's a bold statement that could be taken seriously, but it's not just about attention"
More than 100 killed in southern Sudan tribal clash,0,1,"Okay, so I need to figure out if the headline ""More than 100 killed in southern Sudan tribal clash"" is clickbait. Hmm, clickbait is when a headline is so attention-grabbing that it's tempting people to click or read it, even if it's not really informative or accurate. 

First, I should break down the headline. It mentions a tribal clash in southern Sudan, which is a specific location and context. Tribal clashes are often seen as violent and can be highly sensitive. The fact that more than 100 people were killed adds to the severity. 

Now, considering the context, tribal clashes in Africa are a common issue, especially in regions like Sudan. They can be part of broader social or political tensions. The term ""more than 100 killed"" is a significant number, which might make people think it's a major event. 

But wait, clickbait often relies on sensationalism or fear tactics. Even though the event is serious, the headline might be trying to entice people to read more without providing the details. It's possible that the person creating the headline is trying to provoke a reaction or spread misinformation. 

I should also think about the target audience. If the headline is meant to attract attention to a serious issue, it might be clickbait. However, if it's just a quick, factually incorrect headline, it might not be. 

Another angle is to consider the source. If the source is a reputable news outlet, the headline might be more credible. But if it's a less well-known or biased source, it could be more likely to be clickbait. 

Also, the use of ""more than 100 killed"" is a strong, vivid description. It's a way to emphasize the severity of the event. But without context, it's hard to tell if it's intended to be sensational or just a fact. 

I think the headline is trying to convey a serious event, which could make it clickbait, but it's also possible that it's just a headline without the necessary context to be clickbait. Without more information, it's hard to say definitively, but I lean towards it being clickbait because of the high number of casualties and the specific location. 

So, after considering all these points, I think the answer is 1 for clickbait.
</think>

1"
19 Gifts For Everyone Who Hates Everyone,1,0,"Okay, so I need to figure out if the headline ""19 Gifts For Everyone Who Hates Everyone"" is clickbait. Let me break this down. Clickbait usually involves sensationalism, shock value, or a catchy phrase that's meant to attract attention without necessarily providing a clear message. 

Looking at the headline, it's about 19 gifts for people who hate everyone. That's a bit of a play on words. ""Who Hates Everyone"" is a phrase that's often used to mean someone who's overly critical or doesn't understand others. So, the headline is suggesting that 19 gifts are given to people who are overly critical. 

I remember that clickbait often uses phrases like ""for everyone"" or ""for all"" to make the message seem broad and appealing. This headline is doing that by saying the gifts are for people who hate everyone, implying that the gifts are meant to be given to those who are overly critical. It's a way to make the reader feel like they should be given something, but it's not really a clear message about what the gifts are or what they contain. 

It's also a bit of a play on the word ""who"" to make it sound like it's targeting a specific group. The phrase ""who Hates Everyone"" is a bit of a double entendre because it's not just about being overly critical but also about being someone who doesn't understand others. So, the headline is trying to make the reader feel like they should be given something, but it's not really a clickbaity message because it's not clear what the gifts are or what they're about. 

I think the key here is that the headline is using a catchy phrase and a play on words to attract attention without necessarily providing a clear message. It's not a straightforward clickbaity headline because it doesn't present a clear benefit or offer. Instead, it's more of a tongue twister and a way to make the reader feel like they should be given something, but it's not really clickbaity. 

So, putting it all together, the headline is not clickbaity because it's using a catchy phrase and a play on words to attract attention without providing a clear message. It's more of a tongue twister and a way to make the reader feel like they should be given something, but it's not clickbaity.
</think>

0"
President Obama names 16 recipients of the 2009 Presidential Medal of Freedom,0,0,"Okay, so I need to figure out if the headline ""President Obama names 16 recipients of the 2009 Presidential Medal of Freedom"" is clickbait or not. Hmm, clickbait usually refers to headlines that are catchy, often with a strong emotional appeal or a lot of buzzwords, but they might not necessarily be factually accurate or well-crafted.

First, I should break down the components of the headline. The President is naming recipients for the 2009 Medal of Freedom. The Medal of Freedom is a prestigious award given to individuals who have made significant contributions to the U.S. in areas like education, healthcare, or technology. It's a well-known award, so the fact that it's for 2009 might be a bit of a red herring because the medal itself was established in 2007, so it's not a new award. That might make the headline less clicky because it's not introducing a new, unfamiliar award.

Next, the fact that it's named by President Obama adds a personal touch. Names of awards are often given to recognize the recipient's achievements, so this could be a way to highlight the President's support for his work. However, the primary purpose of the award is to recognize contributions, not necessarily to name individuals. So, the headline is highlighting the President's support, but it's not necessarily a factually accurate or engaging way to announce the award.

I should also consider the context. The 2009 Medal of Freedom was established in 2007, so it's a relatively new award. The fact that it's for 2009 might be a bit of a stretch, but it's not necessarily a problem. The main issue with clickbait is usually the lack of factual accuracy or the emotional appeal, not the fact that the award was established in a recent year.

Another angle is the structure of the headline. It's concise and uses strong adjectives like ""names"" and ""recipients,"" which are often used in clickbait headlines to grab attention. However, the content is factual and well-known, so the clickiness might be overstated.

I should also think about the target audience. Clickbait headlines are often aimed at a broad audience, so they might not be as focused on the details. The fact that it's about the President's name adds a personal touch, but it's not necessarily a reason to click on the headline.

In conclusion, while the"
Russia wins Junior Eurovision Song Contest 2006,0,0,"Okay, so I need to figure out if the headline ""Russia wins Junior Eurovision Song Contest 2006"" is clickbait or not. Hmm, clickbait usually refers to headlines that are designed to attract attention, often with a strong emotional appeal or a sense of urgency. They often include words like ""huge win,"" ""dominant,"" or ""domestic victory.""

Looking at the headline, it's about Russia winning the Junior Eurovision Song Contest in 2006. I know that Eurovision contests are big events, and winning them is a big deal. But is it clickbait? Well, the fact that it's about a specific contest and a specific year might make it seem more like a big, important event, which could be clickbait. However, sometimes the focus is on the outcome, not the event itself.

I should also consider the context. The Junior Eurovision Song Contest is a well-known competition, so winning it is significant. But the headline doesn't specify the reason for the win, just that Russia won. That might make it seem more like a big, important event, which could be clickbait. Alternatively, it could be just a regular news item about a contest win, which might not be clickbait.

Another angle is the structure of the headline. It's a bit straightforward, just stating the winner and the year. Clickbait often uses more complex language or emphasizes the outcome over the event itself. So, maybe it's not clickbait because it's just a straightforward statement.

Wait, but sometimes clickbait headlines are designed to make people feel like they're missing out or that the event is over. If the headline is just stating a win, it might not be clickbait. It's more about the outcome than the event itself.

I think I need to decide between 0 or 1. Since the headline is just stating a win without any emotional or dramatic language, it's probably not clickbait. It's a standard news headline about a contest win, which is non-clickbait.
</think>

0"
Amy Schumer Thanking Her Smokey Eye At The Emmys Is All Of Us,1,0,"Okay, so I need to figure out if the headline ""Amy Schumer Thanking Her Smokey Eye At The Emmys Is All Of Us"" is clickbait or not. Hmm, clickbait usually refers to headlines that are catchy, sometimes offensive, or designed to make people feel like they should believe the person mentioned. 

First, I should break down the headline. Amy Schumer is thanking her ""Smokey Eye,"" which is a play on the character from ""Smokey and the Bandit Jones."" I know that character is a former drug kingpin, so ""Smokey Eye"" is probably a nickname or a reference to him. 

The event is the 61st Annual Emmy Awards. That's a big deal in the entertainment industry, so it's not a joke. Amy Schumer is a well-known figure in the entertainment industry, so her mention at the event is expected. 

The headline says, ""Is All Of Us."" That's a strong, direct statement. It's not just a compliment; it's a statement of solidarity or support. It's not just a casual thank you; it's a clear call to action. 

Now, considering clickbait, it's usually about making people feel like they should believe the person. This headline doesn't do that. It's informative and factual. It's about a public figure's support at a major event, which is a common and respectful way to express support. 

So, it's not clickbait. It's a genuine and respectful statement. Therefore, the answer should be 0 for non-clickbait.
</think>

0"
"Can You Guess The ""Animorphs"" Title Based On Its Cover",1,0,"Okay, so I need to figure out if the headline ""Can You Guess The 'Animorphs' Title Based On Its Cover"" is clickbait or not. Let me start by understanding what clickbait means. Clickbait is often a headline that's designed to attract attention, sometimes with a strong claim or a surprising premise, but it's usually followed by a lot of fluff or a lack of substance. It's meant to make people feel like they should read more, but it's not really informative or relevant.

Looking at the headline, it's asking if someone can guess the title of ""Animorphs"" based on its cover. I know ""Animorphs"" is a popular animated series, but the question is about the cover. I'm not sure if the cover has any particular significance or if it's just a cover. Maybe the cover is just a visual trick, not really related to the show's title.

I should consider the structure of the headline. It starts with a question, which is common in clickbait, but then it ends with a statement that's not necessarily informative. The claim is that you can guess the title based on the cover, but without more context, it's hard to see how that's possible. The cover itself might just be a visual distraction, not a clue to the title.

Also, the use of ""based on its cover"" suggests that the cover has some hidden meaning, which is typical in clickbait headlines. But in this case, the cover is just a cover, so it's not really revealing anything about the show's title.

I don't think this headline is trying to trick people into reading more content. It's more of a statement that's just a bit flimsy. It doesn't provide any substantial information or insight, so it's not clickbait.

So, after considering all that, I think the answer is 0, meaning it's non-clickbait.
</think>

0"
Adele Said A Mic Dropped In The Piano And That's Why Her Grammy Performance Was Off,1,0,"Okay, so I need to figure out if the headline ""Adele Said A Mic Dropped In The Piano And That's Why Her Grammy Performance Was Off"" is clickbait or not. Hmm, clickbait usually refers to headlines that are designed to attract attention without providing enough information for the reader to form their own opinion. They often use strong language or make claims that are surprising or surprising in a positive way.

Looking at the headline, it's talking about Adele dropping a mic on her piano during her Grammy performance, which led to her performance being off. That's a bit of a negative story, but I'm not sure if it's clickbait. Clickbait often uses exaggerated language or makes a surprising claim that's not true. For example, something like ""Adele's concert was the most expensive in history"" is clickbait because it's surprising and makes people feel like they should be worried.

In this case, the headline is making a specific claim about Adele's Grammy performance being off because of a mic drop. It's not making a completely surprising claim, but it's using a specific detail to make a point. Maybe it's trying to highlight the importance of the mic during performances. However, it's not outright clickbait because it's not making a completely surprising or exaggerated claim. It's more of a factual statement with a twist.

I should also consider the context. Adele is a well-known artist, and her performances are usually well-liked. The fact that a mic was dropped is a specific detail, but it's not something that's usually discussed in the press. It's more of a personal anecdote or a story that's not as controversial as something like a fake concert or a performance that was canceled for safety reasons.

So, putting it all together, the headline is making a specific claim about Adele's Grammy performance being affected by a mic drop. It's not outright clickbait because it's not making a completely surprising or exaggerated claim. It's more of a factual statement with a twist, but it's not designed to attract attention without providing context. Therefore, it's probably non-clickbait.
</think>

0"
"16 ""SpongeBob SquarePants"" Moments That Went Right Over Your Head As A Kid",1,1,"Okay, so I need to figure out if the headline ""16 'SpongeBob SquarePants' Moments That Went Right Over Your Head As A Kid"" is clickbait or not. Hmm, clickbait usually refers to headlines that are catchy, sometimes offensive, or designed to attract attention without necessarily being serious or accurate. 

First, I should break down the headline. It mentions 16 SpongeBob moments that kids found amusing and then laughed at. That sounds like it's highlighting positive experiences, which is a common tactic in clickbait. Clickbait often uses humor or positive stereotypes to entice viewers.

I also remember that many clickbait headlines are designed to make people feel like they should be laughing at them, which is a common tactic to create a sense of humor. The fact that it's about SpongeBob, a well-known character, adds to the clickbaity vibe because it's a familiar and beloved figure.

Additionally, the use of ""moments"" and ""your head as a kid"" suggests that the person is mocking or mocking the content, which is typical in clickbait. It's not just about the content itself but the way it's presented, making it seem like the person is mocking the show or its content.

So, putting it all together, the headline is likely clickbait because it's using humor, positive stereotypes, and a common structure that clickbait relies on. It's designed to make people laugh and feel like they should be laughing at it, which is a common tactic in clickbait.
</think>

1"
"Please, America, Let's Say Goodbye To Fuckboys In 2016",1,0,"Okay, so I need to figure out if the headline ""Please, America, Let's Say Goodbye To Fuckboys In 2016"" is clickbait or not. Hmm, clickbait is usually something that's catchy, makes people feel like they should believe it, and is often used to manipulate attention or get people to click on a link. 

Looking at the headline, it's a bit of a play on words. It starts with ""Please"" and then says "" America, Let's Say Goodbye To Fuckboys In 2016."" The word "" Fuckboys"" is a play on ""fuck"" and ""boys,"" which is a common term. It's a bit of a joke because it's not a real thing, but it's catchy and makes people think it's serious. 

I remember that clickbait often uses humor or sarcasm to grab attention. This headline does that by making people feel like they should believe it's true. It's also concise, which is a common tactic in clickbait. It's not just a statement; it's a statement with a twist, which can make it more appealing. 

But wait, is it clickbait? I think it's more of a meme or a joke than something that's genuinely trying to manipulate attention. It's not a serious news headline; it's more of a humorous take on a common issue. So, it's not clickbait because it's not trying to sell a product or make people believe something that's not true. It's more of a clever way to get people to click or share it, but it's not clickbait in the traditional sense. 

I should also consider the context. If this was a news headline, it's likely intended to be humorous and not to be taken seriously. So, it's not clickbait because it's not promoting something that's not true. It's more of a clever way to engage with the audience without being misleading. 

In summary, the headline is catchy, uses humor, and is concise, which are all elements of clickbait. However, it's not trying to sell a product or make a point that's not true, so it's not clickbait. Therefore, the answer should be 0 for non-clickbait.
</think>

0"
African Union hostages freed by Darfur rebels,0,0,"Okay, so I need to figure out if the headline ""African Union hostages freed by Darfur rebels"" is clickbait. Hmm, clickbait is when a headline is so attention-grabbing that it's tempting people to click or read it, even if it's not really informative or accurate. 

First, I should break down the headline. It mentions the African Union, which is a regional organization in Africa. Then it says the hostages were freed by Darfur rebels. I know that Darfur is a country in western Africa, and the Darfur rebels are a group of people who have been involved in fighting for independence from the country they were part of, which was the Soviet Union. 

So, the African Union is a political group, and Darfur rebels are a political group as well. The headline is suggesting that the African Union's hostages were freed by the Darfur rebels. That seems a bit off because the African Union is a political body, and the Darfur rebels are a political group. They're not the same people. 

I should consider the context. The African Union is a significant political entity, and its hostages are likely people who have been held by the government of the African Union. The Darfur rebels are a separate group, and their involvement in the situation would be unusual. It's not typical for a political group to be involved in the release of hostages from another political group. 

Also, the term ""freed"" might be misleading. It could imply that the African Union's hostages were released by the Darfur rebels, but that doesn't make much sense in a political context. It's more likely that the African Union's government is handling the release, and the Darfur rebels are involved in some other conflict or operation. 

Another angle is the potential for manipulation. If the African Union's hostages were freed by the Darfur rebels, it might be a tactic to influence the political situation in Darfur. However, this is speculative and not a common tactic. 

Additionally, the headline is sensationalist and uses strong language like ""freed"" and ""by."" These words are often used to create a sense of urgency or importance, which can make a headline clickbait. 

Putting it all together, the headline seems to be trying to create a dramatic effect by suggesting a political involvement between two groups that are not typically associated with each other. This makes it seem like a high-level or manipulative action, which is what clickbait often does. 

So, considering all"
What Percentage Do You Have Of Winning The Royal Rumble,1,1,"Okay, so I need to figure out if the headline ""What Percentage Do You Have Of Winning The Royal Rumble"" is clickbait. Hmm, clickbait usually refers to headlines that are catchy, tempting, and designed to draw attention without necessarily providing the information. They often use phrases like ""win,"" ""get rich,"" or ""make a fortune"" to entice people.

Looking at the headline, it's asking about the percentage chance of winning the Royal Rumble. That's a bit vague. It doesn't specify what the Royal Rumble is, which could be a real event or a fictional one. If it's a real event, the question is a bit too open-ended. If it's fictional, the question is a bit too specific, which might not be as attention-grabbing.

The phrase ""What Percentage Do You Have Of Winning..."" is a bit self-referential. It's asking about one's own chances, which could be a bit confusing. It might be trying to make you think about your own potential, which could be a way to entice someone to click, but it's not necessarily designed to attract genuine interest.

Additionally, the use of ""Royal Rumble"" might be a red flag. Royal events are often associated with power, wealth, and excitement, which are elements that can be used to create clickbait. But without knowing more about the Royal Rumble, it's hard to say for sure.

So, putting it all together, the headline seems to be trying to entice attention with a vague and potentially self-referential question. It might be clickbait because it's designed to draw someone's attention without providing the necessary information, but it's not entirely clear. However, considering the structure and the use of ""Royal,"" it leans towards being clickbait.
</think>

1"
This Is The Easiest Way To Make Vegan Fettuccine Alfredo,1,1,"Okay, so I need to figure out if the headline ""This Is The Easiest Way To Make Vegan Fettuccine Alfredo"" is clickbait. Hmm, clickbait usually means something that's catchy, tempting, and designed to get people to click or take a step further. It often involves a trick or a surprising method that's easy to believe.

Looking at the headline, it's about making vegan fettuccine Alfredo, which is a type of pasta dish. The key here is ""easiest."" That's a strong word, and it's used to make a statement. It's not just a simple recipe; it's suggesting that it's the easiest way, which might be a bit of a trick because making a dish is usually a bit more involved than just stating it's easy.

I also notice that it's using ""This Is The Easiest Way,"" which is a common structure in clickbait headlines. They often start with a strong statement to grab attention. The word ""easiest"" is a bit of a red flag because it's not just a statement; it's a claim that's meant to be taken at face value, which can be misleading.

Another thing is the use of ""Vegan Fettuccine Alfredo."" While that's a specific dish, it's not the main focus of the headline. The headline is more about the method of making it, which is the key point. So, the headline is focusing on the method, not the dish itself.

I should also consider the target audience. Clickbait headlines are often aimed at a broad audience, so they need to be concise and attention-grabbing. This headline does that by starting with a strong statement and using a common clickbait structure.

However, the use of ""easiest"" might be a bit of a red flag. It's not just a statement; it's a claim that's meant to be taken as true, which can be misleading. It might be trying to make people think it's easy, but in reality, making a dish is more complex than that.

So, putting it all together, the headline is using a strong, attention-grabbing statement with a clickbait structure, but it's also making a claim that might be misleading. It's not just a simple recipe but a claim that it's the easiest way, which could be a bit of a trick. Therefore, it might be considered clickbait despite the structure.
</think>

1"
Card Fees Pit Retailers Against Banks,0,0,"Okay, so I need to figure out if the headline ""Card Fees Pit Retailers Against Banks"" is clickbait. Hmm, clickbait usually refers to headlines that are designed to attract attention without necessarily providing useful information, often with a strong emotional appeal. 

Let me break down the headline. It mentions card fees and retailers fighting against banks. Card fees are a common issue in retail, especially with the rise of digital payments. Retailers are often pressured to charge more for services they offer online, which can lead to financial losses. So, the headline is pointing out a problem that many retailers face.

Now, is this clickbait? Well, clickbait often uses strong language or emotional language. The phrase ""pit"" can be a bit controversial. It's used to imply a strong, direct attack, which can be persuasive. Retailers fighting banks might be seen as a strong response, but it's also a common issue that many people are aware of, not just a new problem.

I should consider the context. Retailers are a significant part of the economy, and banks are a major financial institution. The idea that they're fighting each other is a bit out there, but it's not necessarily a new or controversial issue. It's more of a common frustration that retailers might feel when they have to pay more for services they use online.

So, while the use of ""pit"" is strong, the underlying issue is more about financial pressures and competition. It's not a new problem but rather a common frustration that many people face. Therefore, it's not clickbait because it's not presenting a new, controversial issue but rather a relatable problem that many people can understand and relate to.

I think the answer is 0 because it's not clickbait; it's a common issue with a clear message.
</think>

0"
What's The Best College Bar In America,1,0,"Okay, so I need to figure out if the headline ""What's The Best College Bar In America"" is clickbait. Hmm, clickbait is usually something that's catchy, tempting, and designed to grab attention without necessarily providing a balanced or factual answer. It often uses strong language or makes a bold claim.

Looking at the headline, it's asking for the best college bar in America. That's a bit vague. It doesn't specify what kind of bar, where, or why. It's just a question. Maybe it's trying to entice people to visit a specific place, but it's not really informative or balanced. It's more of a prompt than a question that leads to a factual answer.

I remember that clickbait often includes phrases like ""the best,"" ""the most,"" or ""the only."" This headline doesn't use those words. It's more of a rhetorical question. It's not trying to sell anything or provide a fact; it's just asking for information that's not well-posed.

So, considering all that, I think this headline is non-clickbait because it's not trying to attract attention with strong language or a bold claim. It's just a straightforward question that could lead to a factual answer, but it's not clickbait.
</think>

0"
Russian passenger airliner makes safe landing in Moscow after concerns of gear damage,0,1,"Okay, so I need to figure out if the headline ""Russian passenger airliner makes safe landing in Moscow after concerns of gear damage"" is clickbait or not. Hmm, clickbait usually refers to headlines that are designed to attract attention, often with a strong emotional appeal or a clear, immediate message. They often include terms like ""safe,"" ""after concerns,"" or ""highly anticipated.""

Looking at the headline, it's talking about a passenger airliner landing safely in Moscow after people were concerned about gear damage. The key here is ""safe landing"" and ""after concerns."" These words suggest that the news is positive and that the concern was resolved. Clickbait often uses phrases like ""after concerns"" to create a sense of urgency or to make the reader think the story is important or well-considered.

Also, the mention of a passenger airliner is specific, which might make the story more credible. However, the headline doesn't state the source or the reason for the concern, which might make it less clear. But the use of ""safe landing"" and ""after concerns"" is strong indicators of a clickbaity tone.

So, putting it together, the headline is likely clickbait because it presents a positive outcome after addressing concerns, which is a common tactic in clickbait headlines.
</think>

1"
"27 Times ""Top Gear"" Made You Laugh Like Hell",1,1,"Okay, so I need to figure out if the headline ""27 Times 'Top Gear' Made You Laugh Like Hell"" is clickbait. Hmm, clickbait is usually something that's catchy, makes people feel like they should be on board, and can be easily manipulated or misused. 

First, I'll break down the headline. It mentions ""Top Gear"" being used 27 times to make people laugh. That's a lot, but I'm not sure if that's the key point. Clickbait often relies on repetition or a catchy phrase to grab attention. 

I remember that ""Top Gear"" is a popular TV show, so using it multiple times might be a way to make people think it's a must-watch show. But does that make it clickbait? I think it's more about the repetition and the idea that it's a show that's popular and can make people laugh a lot. 

Wait, but clickbait often involves something that's not just catchy but also manipulative. Maybe the repetition is the key here. It's not just a catchy phrase; it's a deliberate use of the word ""Top Gear"" multiple times. That could be a way to make people think it's a show that's popular and can make them laugh a lot, which might be a way to manipulate attention. 

I'm not sure if that's clickbait or just a clever headline. Clickbait often involves something that's both catchy and manipulative, so maybe this one is. But I'm also considering that ""Top Gear"" is a well-known show, so using it multiple times might be more about the show's appeal rather than clickbait. 

I think I'll go with 1 because the repetition and the idea of making people laugh a lot could be manipulative tactics, making it clickbait. But I'm not entirely certain. Maybe I should think about other examples. For instance, if a headline says ""The Big Bang Theory is the most popular show on TV,"" that's clickbait because it's catchy and manipulative. So, in this case, ""Top Gear"" being used multiple times might be similar. 

I'm leaning towards 1 because the repetition and the idea of making people laugh a lot could be clickbait tactics. But I'm not 100% sure. Maybe I should consider that clickbait often involves something that's both catchy and manipulative, so this might fit. Alternatively, it could be non"
Politicians and protesters prepare for G20 summit,0,0,"Okay, so I need to figure out if the headline ""Politicians and protesters prepare for G20 summit"" is clickbait or not. Hmm, clickbait is usually something that's catchy, makes people feel like they should believe it, and is often used to attract attention. 

Looking at the headline, it's talking about politicians and protesters going to a G20 summit. G20 stands for the 20th General Session of the International组织 for Economic and Social Co-operation, which is a big meeting where countries from around the world come together. So, the summit is a major event in international politics.

Now, the phrase ""prepare for"" suggests that they're planning something, maybe organizing or discussing something important. Politicians and protesters are involved, which adds to the potential for attention. They're likely discussing strategies, plans, or maybe even preparing for a crisis or a major event.

But is this clickbait? Well, clickbait often relies on sensationalism or a sense of urgency. It's designed to grab attention without necessarily providing detailed information. In this case, the headline is pretty factual and informative, just in a catchy way. It's not just a statement; it's a statement that's likely to be taken seriously, which is typical of clickbait.

I don't see any negative connotations here. It's not promoting something harmful or irrelevant. It's more about the preparation for a significant event, which is a common tactic in politics. So, it's probably not clickbait because it's not trying to sell a product or service, it's just presenting a fact in a way that's engaging.
</think>

0"
19 Pictures That Prove Drunk You Is An Actual Genius,1,0,"Okay, so I need to figure out if the headline ""19 Pictures That Prove Drunk You Is An Actual Genius"" is clickbait. Hmm, clickbait usually involves sensationalism, shock value, or a lot of fluff. Let me break this down.

First, the headline mentions 19 pictures. That's a lot, but it's not necessarily clickbait because it's just a number. Clickbait often uses phrases like ""the most shocking"" or ""the worst"" to grab attention. Here, it's just a count.

Next, it says ""Prove Drunk You Is An Actual Genius."" That's a strong statement. It's a claim that's not just sensational but also potentially controversial. People might be skeptical about whether drinking can make someone a genius, but the idea is presented as a fact, which could be a bit of a shock.

But wait, is it clickbait? I think clickbait often uses phrases like ""the worst thing you can do"" or ""the most shocking thing you can do."" This headline doesn't use those phrases. It's more of a fact claim with a twist. It's not just sensational; it's also a bit of a shock because it's a bold statement.

So, considering all that, it's not clickbait because it's not just a fact but also a shockingly bold claim. It's more of a statement that could be seen as controversial but not necessarily sensational. Therefore, it's non-clickbait.
</think>

0"
Five dead after arson attack in Iran,0,1,"Okay, so I need to figure out if the headline ""Five dead after arson attack in Iran"" is clickbait or not. Hmm, clickbait usually refers to headlines that are designed to attract attention without necessarily providing useful information. They often have a strong emotional appeal or are based on sensationalist claims.

First, I should consider the context. An arson attack in Iran... That's a serious event, but it's also in a country that's known for its political instability and security concerns. I remember hearing about the Islamic Republic of Iran's recent security issues, so maybe this is a sensitive topic.

Next, the numbers. Five deaths after an attack. That's a lot, but it's not clear if that's a typo or if it's a real event. I should check if there's any recent news about that. Wait, I think there was a report about an attack in Iran, but I'm not sure about the exact numbers. Maybe it's a made-up number, or perhaps it's a typo for a different number.

Also, the word ""arson"" is a strong word that can be used to create a sense of danger and urgency. It's often used in headlines to emphasize the severity of the situation. But without more context, it's hard to tell if it's meant to be sensational or just a fact-check.

Another angle is whether the headline is trying to provoke a reaction. If it's a real event, maybe it's just reporting on it, but if it's a made-up number, it might not be clickbait. However, the fact that it's a news headline suggests it's real, but the numbers are unclear.

I should also think about the target audience. If the audience is looking for news about safety or security, then a clickbait headline might be more effective. But if it's just a fact, it might not be clickbait.

Putting it all together, the headline mentions a serious event with a lot of casualties, which can be clickbait because it's sensational. However, without knowing if the numbers are accurate, it's hard to say. But given the context of a country with political issues, it might be more about attention than fact-checking.

So, I think it's a clickbait headline because it's sensational and targets a sensitive topic, even if the numbers are uncertain.
</think>

1"
Iran continues to lash out at film industry,0,1,"Okay, so I need to figure out if the headline ""Iran continues to lash out at film industry"" is clickbait or not. I'm not super familiar with all the nuances of clickbait, but I know it's generally about sensationalism or overhasty claims. 

First, I should break down the headline. It mentions Iran continuing to ""lash out"" at the film industry. Lashing out can imply a lot of negative or aggressive behavior. But is that necessarily clickbait? Clickbait often targets specific groups or issues, so maybe it's more about a trend or a reaction rather than a direct attack.

I should consider the context. The film industry is a significant sector, so if Iran is reacting, it might be part of a broader trend. Clickbait often targets specific groups, like younger people or marginalized communities, but here it's about a country's reaction. It's more about the industry's response rather than a targeted attack.

Also, the word ""lash out"" is pretty strong. It suggests a direct and aggressive response, which is typical of clickbait. Clickbait often uses strong language to make a point quickly, so this headline fits that pattern.

I should also think about the purpose behind the headline. If it's meant to criticize the film industry, it's clickbait. But if it's just a reaction, it's not. The headline doesn't specify the intent, so it's ambiguous. However, given the strong language and the context, it leans towards clickbait.

So, putting it all together, the headline seems to be clickbait because of the strong, negative language and the implied reaction to the film industry.
</think>

1"
Ethiopian airliner crashes into Mediterranean Sea,0,0,"Okay, so I need to figure out if the news headline ""Ethiopian airliner crashes into Mediterranean Sea"" is clickbait or not. Hmm, clickbait usually refers to headlines that are designed to attract attention, often with a strong emotional appeal or a sense of urgency. They often include terms like ""crash,"" ""accident,"" or ""disaster,"" which can make people feel like they're about to be affected.

Looking at the headline, it's about an airline plane crashing into the Mediterranean Sea. That's a serious event, but is it clickbait? Well, the Mediterranean Sea is a well-known location, so people might be aware of it. The term ""crash"" is pretty strong, which can make the headline seem more dramatic and attention-grabbing. 

But wait, is it really clickbait? Maybe it's more of a news story that's already been covered, so it's not new enough to be clickbait. Clickbait often targets newsworthy or upcoming stories, but this seems like a news event that's already been reported. So, it's probably not clickbait because it's not a new or upcoming story that's designed to grab attention.

I should also consider the context. The plane is from Ethiopia, which is a country with a lot of news coverage, but the headline itself is about the crash, not about the airline's performance or any other aspect. So, it's more about the event itself than the airline's operations.

In summary, the headline is serious and uses strong language, but it's not new enough to be clickbait. It's more of a news event that's already been covered, so it's non-clickbait.
</think>

0"
The Internet Has Decided That Jeremy Corbyn Is A Massive Lad,1,1,"Okay, so I need to figure out if the headline ""The Internet Has Decided That Jeremy Corbyn Is A Massive Lad"" is clickbait. Hmm, clickbait usually refers to headlines that are designed to attract attention without necessarily being truthful or accurate. They often use humor, sarcasm, or exaggeration to create a sense of urgency or surprise.

Looking at the headline, it's talking about the internet deciding Jeremy Corbyn is a ""massive lad."" That's a pretty strong statement. It's using a term that's commonly used to describe someone who's overly affectionate or overly attractive. The phrase ""massive lad"" is a bit of a play on words, which can be a bit funny.

I should consider the context. Jeremy Corbyn is a well-known figure in politics, often associated with the UK's Conservative Party. His image is usually portrayed as a confident, strong leader, not one who's overly affectionate. So, the headline is making a claim that doesn't align with his actual image.

The use of sarcasm here is intentional. It's not just a statement; it's a clever way to mock Corbyn's image. This kind of humor can be effective in clickbait because it creates a sense of surprise and attention. It's not just a fact; it's a statement that's meant to provoke reaction or attention.

Also, the phrase ""massive lad"" is a common slang term that's often used in media to describe someone who's overly affectionate. It's a way to make a comment more engaging and memorable. This kind of language is often used in clickbait to make the reader or listener think more deeply about the topic.

Putting it all together, the headline is using humor and sarcasm to make a claim that's not true. It's designed to attract attention and provoke a reaction, which are key elements of clickbait. Therefore, it's likely clickbait.
</think>

1"
Russia and Ukraine Settle Natural Gas Dispute,0,0,"Okay, so I need to figure out if the headline ""Russia and Ukraine Settle Natural Gas Dispute"" is clickbait or not. Hmm, clickbait usually refers to headlines that are catchy, tempting, and designed to grab attention without necessarily providing the full information. They often use strong adjectives or phrases that make people feel like they should be paying attention.

Looking at the headline, it's pretty straightforward. It mentions two countries settling a natural gas dispute. I know that natural gas disputes can be serious and involve significant costs, so the mention of settling suggests that there's a resolution in the works. But is that enough to make it clickbait?

I should consider the context. If this is a news story, it's likely to be factual and informative. The term ""settle"" might imply that there's a final agreement, which could be a reason to think it's not clickbait. Clickbait often uses words like ""finally,"" ""sweeping conclusion,"" or ""final agreement"" to make the news seem more serious and definitive.

Also, the word ""dispute"" is a common term in news, so it's not surprising. The fact that it's about natural gas, which is a major energy topic, adds to the credibility. However, the headline itself doesn't present any strong emotional appeal or promise of something extraordinary. It's just stating a fact.

I should also think about the structure. Clickbait headlines often have a strong adverb or adjective that makes the statement more compelling. Here, ""settle"" is a strong word, but it's not the only one. The headline is pretty short and doesn't go into much detail. It's more of a straightforward statement than something that would grab attention.

So, putting it all together, the headline is factual and not designed to entice attention. It's just presenting a news event, so it's non-clickbait.
</think>

0"
11 Iconic Bollywood Magazine Covers That Would Have Broken The Internet,1,0,"Okay, so I need to figure out if the headline ""11 Iconic Bollywood Magazine Covers That Would Have Broken The Internet"" is clickbait. Hmm, clickbait usually refers to headlines that are catchy, tempting, and designed to draw attention without necessarily providing the full information. They often use strong adjectives and make the situation seem more exciting than it is.

Looking at the headline, it mentions that 11 iconic Bollywood magazines have covered something that would have broken the internet. I know that Bollywood has a lot of iconic covers and articles, but the idea of something breaking the internet is pretty bold. It's like saying a famous book or movie cover would have changed the world, which is a bit of a stretch.

I should consider the context. Bollywood is a well-known film industry, and magazines covering popular content are common. But the part about breaking the internet is a bit out there. It's not something that's usually discussed in media coverage. It's more of a hypothetical or a bold statement rather than something that's commonly reported.

So, the headline is trying to attract attention by making a bold claim, but it's not providing the necessary details to make it clickbait. It's more of a statement that could be interesting but not necessarily a hook. Therefore, I think this headline is non-clickbait.
</think>

0"
Nepali capital Kathmandu shut down after rebel strike,0,0,"Okay, so I need to figure out if the headline ""Nepali capital Kathmandu shut down after rebel strike"" is clickbait. Hmm, clickbait is when a headline is so attention-grabbing that it's tempting people to click or read it, even if it's not the most important or accurate information. 

First, I should break down the headline. It mentions Kathmandu, which is the capital of Nepal. Then it says they've shut down after a rebel strike. I know that Nepal has been involved in various conflicts, including the 2015 protests against the Chinese government's treatment of Nepalese workers. So, the headline is pointing out a recent event that's been going on for a while.

Now, is this headline clickbait? Well, clickbait often relies on sensationalism or a lack of context. In this case, the headline is providing a specific event that's been ongoing. It's not just a simple statement; it's a fact that's been discussed in the news. However, sometimes sensational news can be clickbait if it's designed to make people feel like they should click or take action, even if the information isn't the most up-to-date or accurate.

But in this case, the headline is pretty straightforward. It's not just a fact; it's a specific event. It's not making a claim or suggesting something negative. It's just stating an event. So, it's not trying to persuade or entice people to click. It's just presenting information that's been discussed before.

Also, the term ""rebel strike"" might be a red flag. I know that sometimes headlines use such language to make the story more dramatic or attention-grabbing, but in this case, it's a well-known event. The headline is likely trying to convey that the situation is serious, but it's not necessarily designed to make people click.

Another angle is whether the headline is biased. The term ""rebel strike"" might imply a conflict, but it's not necessarily a biased statement. It's just a way to describe the event. So, it's not promoting a biased viewpoint.

So, putting it all together, the headline is factual and provides a specific event without any attempt to persuade or entice. It's not clickbait because it's not sensational or designed to make people click. It's just a straightforward news item.
</think>

0"
Australia's Howard calls for nativity scenes,0,1,"Okay, so I need to figure out if the headline ""Australia's Howard calls for nativity scenes"" is clickbait or not. Let me break this down. Clickbait usually refers to headlines that are catchy, often with strong language, and are designed to attract attention without necessarily providing the full information. They often make people feel like they need to read more or take action.

The headline mentions Australia calling for ""nativity scenes."" I know that nativity scenes are images or content that depict the origin of people, often used in media to show the stories of people from different backgrounds. Howard, I think, is a politician, possibly a politician from Australia, so calling for nativity scenes might be a call to action or a statement.

Now, is this clickbait? Well, clickbait often uses strong, specific terms and makes a bold statement. Here, it's a specific call to action by a politician, which is a bit more formal. It's not just a catchy phrase; it's a clear call to action that someone might take seriously. It's not just a statement; it's a call to action, which is more impactful.

But wait, sometimes clickbait can be subtle. If the headline is vague or doesn't provide enough context, it might be clickbait. In this case, the headline is pretty specific: it's about Australia calling for nativity scenes. That specificity might make it more likely to be clickbait because it's a direct, bold statement.

Also, the term ""nativity scenes"" is a bit technical. If someone doesn't know what that means, they might not understand the intent. But even if they do, the fact that it's a call to action makes it more likely to be clickbait. Clickbait often relies on the idea that the reader will take the action without much thought, expecting it to be a bold statement.

So, putting it all together, the headline is a bold, specific call to action, which is likely to be clickbait. It's not just a catchy phrase but a clear and direct statement that might make people want to read more or take the action suggested.
</think>

1"
"In Uncertain Times, the Business of Golf Is Thriving in New Orleans",0,1,"Okay, so I need to figure out if the headline ""In Uncertain Times, the Business of Golf Is Thriving in New Orleans"" is clickbait. Hmm, clickbait usually refers to headlines that are designed to attract attention without necessarily providing useful information, often with a strong emotional appeal or a catchy phrase. 

First, I should break down the headline. It mentions ""In Uncertain Times,"" which suggests that the current situation is tough, maybe economic uncertainty. Then it talks about the business of golf in New Orleans. So, it's talking about how golf is doing despite tough times there.

Now, is this headline clickbait? Well, clickbait often uses strong adjectives or phrases that make the content seem more exciting than it is. The phrase ""In Uncertain Times"" is pretty strong, implying that the current state is tough, which can be a hook. But does it provide useful information about the business of golf? It does, but it's more about the current state rather than the positive aspect of golf's business.

Also, the headline is concise, which is a common tactic in clickbait. It's not trying to be informative but rather to grab attention. So, while it's not entirely non-clickbait, it's designed to be attention-grabbing with its strong language and brevity.

I think the answer is 1 because it's using strong language and is concise, which are elements of clickbait. It's not just trying to inform but to attract attention, so it's clickbait.
</think>

1"
17 Scandinavian Kid's Room Design Ideas You'll Want To Steal,1,1,"Okay, so I need to figure out if the headline ""17 Scandinavian Kid's Room Design Ideas You'll Want To Steal"" is clickbait. Hmm, clickbait usually has a catchy name, a strong promise, and a lot of fluff. Let me break it down.

First, the name ""Scandinavian Kid's Room Design Ideas."" That's pretty specific and has a nice ring to it. It's not just any room design; it's specifically for kids. That's a good sign because it's not generic.

Next, the phrase ""You'll Want To Steal."" That's a strong selling point. It's a bit of a catchphrase, and it's designed to make people feel like they have to act quickly. It's a common tactic in clickbait to make the reader or viewer feel like they're in a race to get it.

Then, the number 17. That's a lot of ideas, which is a good sign because it's not just a few tips but a substantial collection. It shows that there's a lot to be gained, which is important because clickbait often relies on the amount of information to make the reader feel like they're missing out.

Putting it all together, the headline has a catchy name, a strong promise, and a lot of information. It's designed to make the reader feel like they need to act quickly and get all the ideas, which is exactly what clickbait does. So, I think this headline is clickbait.
</think>

1"
"This Costume Competition Proves That ""Simpsons"" Fans Are The Best In The World",1,0,"Okay, so I need to figure out if the headline ""This Costume Competition Proves That 'Simpsons' Fans Are The Best In The World"" is clickbait or not. Hmm, clickbait usually refers to headlines that are catchy, sometimes offensive, or designed to attract attention without necessarily providing the information. 

First, I should break down the headline. It mentions a costume competition, which is a common event where people showcase their costumes. The claim is that the ""Simpsons"" fans are the best in the world. That seems like a strong statement, but is it clickbait?

I know that sometimes clickbait headlines are designed to be surprising or surprising in a positive way. Here, the positive aspect is that fans are the best. But I'm not sure if that's the case. I should consider the context. The ""Simpsons"" is a well-known show, so fans are likely to be a significant group. But is it the case that they're the absolute best in the world? That seems a bit extreme.

Also, the use of ""best in the world"" is a strong, assertive statement. It's not just a general claim about fans but a universal one. That might make it more appealing, which could be clicky. But I'm not sure if that's the case. Maybe the show's fans are just a small group, and the headline is trying to generalize that they're the best.

Another angle is the tone. Clickbait often uses humor or surprise. This headline is a bit of a surprise because it's not just a statement but a claim that fans are the best. It's a bit of a shocker, which could make it more clicky. But again, I'm not sure if that's the case.

I should also think about the source. If this is a news headline, it's likely from a reputable source. But the headline itself is still clicky because of the strong, assertive claim. It's not just a fact; it's a statement that's meant to be attention-grabbing.

So, putting it all together, the headline is using a strong, assertive claim to attract attention, which is typical of clickbait. The use of ""best in the world"" makes it seem like a bold statement, which can be clicky. However, I'm not entirely sure if the fans are indeed the absolute best. It's possible that the headline is trying to make a bold claim, which is click"
8 Urban Dictionary Definitions You Need To Know,1,0,"Okay, so I need to figure out if the headline ""8 Urban Dictionary Definitions You Need To Know"" is clickbait or not. Hmm, clickbait usually refers to headlines that are catchy, sometimes offensive, or designed to attract attention without necessarily providing the information. 

First, I should break down the headline. It mentions 8 definitions from the Urban Dictionary, which is a fun and playful way to present information. Urban Dictionary is a well-known online resource, so the definitions are likely to be accurate and interesting. The phrase ""You Need To Know"" suggests that it's a guide or a list, which is common in clickbait content. 

I remember that clickbait often uses phrases like ""You should read this"" or ""The truth is out,"" to entice readers. This headline does that by asking the reader to take action. It's also concise, which is a common tactic in clickbait. 

Additionally, the use of "" Urban Dictionary"" adds a playful touch, which can make the content more engaging. However, the primary purpose here is to inform and provide information, not to sell anything. So, while it's catchy and informative, it's not designed to attract clicks or generate engagement. 

I should also consider the target audience. If the audience is looking for quick, fun facts, this could be effective. But if the goal is to inform or educate, it might be more appropriate. Since the headline is more about providing information than engaging the reader, it leans towards non-clickbait. 

In conclusion, the headline is catchy, informative, and uses a playful tone, but it's not designed to attract clicks. Therefore, it's non-clickbait.
</think>

0"
Finland scrambles fighter jet to respond to Russian aircraft,0,0,"Okay, so I need to figure out if the headline ""Finland scrambles fighter jet to respond to Russian aircraft"" is clickbait or not. Hmm, clickbait usually means something that's catchy, tempting, and designed to grab attention without necessarily providing much value. It often involves a lot of action, urgency, or a strong emotional appeal.

Looking at the headline, it's about Finland using a fighter jet to respond to Russian aircraft. That sounds like a serious situation, maybe a military or defense-related event. The mention of a fighter jet is pretty intense, which could be seen as a high-stakes scenario. But is it clickbait?

I think clickbait often involves sensationalism or a lot of action without much explanation. In this case, the headline is pretty factual and straightforward. It's not just a joke or a trend; it's a serious news item. The focus is on the response from Finland, which is a specific and important action. It's not just about the action itself but also the context of the Russian aircraft and the military situation.

Also, the word ""scrambles"" might imply that Finland is trying to act quickly, which could be a bit dramatic. But it's not necessarily designed to make people feel like they're being attacked or that the situation is urgent. It's more about the action and the response.

I don't see any emotional appeal here. It's not about a personal attack or a trend that's causing a lot of interest. It's more about a specific event in military history. So, it's probably not clickbait because it's factual and not designed to entice attention without providing value.
</think>

0"
Are You More Alexander Hamilton Or Aaron Burr,1,1,"Okay, so I need to figure out if the headline ""Are You More Alexander Hamilton Or Aaron Burr"" is clickbait. Hmm, clickbait is usually something that's catchy, makes people feel like they should be on board, but it's not necessarily informative or accurate. It's often used to attract attention without providing a clear answer.

First, I should break down the headline. It's comparing two people: Alexander Hamilton and Aaron Burr. I know both are significant figures in American history, but I'm not sure if they're the same person or just two different people. I think they were both involved in the American Revolution, but I'm not certain about their exact roles or if they're the same person. 

Wait, actually, I think they were both involved in the American Revolution, but they were different people. Alexander Hamilton was the statesman, while Aaron Burr was a statesman as well, but he was a more moderate figure. So, the headline is making a comparison between two historical figures, but it's not necessarily a question of who was more important. It's more about who they are, not about a decision or a comparison.

So, the headline is making a statement about who is more significant, but it's not a factual comparison. It's more of a rhetorical question. Clickbait often uses rhetorical questions to grab attention, but they're not meant to provide information. They're designed to provoke a reaction or to attract media attention without delivering a clear answer.

Therefore, this headline is likely clickbait because it's making a comparison without providing a factual basis, which is a common tactic to attract attention without delivering a meaningful answer.
</think>

1"
Which Terrifying Pirate Queen From History Are You,1,0,"Okay, so I need to figure out if the headline ""Which Terrifying Pirate Queen From History Are You"" is clickbait or not. Let me break this down. Clickbait usually refers to headlines that are catchy, tempting, and designed to draw attention without necessarily providing the information. They often use strong adjectives and make the topic seem more exciting than it is.

Looking at the headline, it's asking about a ""terrifying pirate queen"" from history. That's a bit vague. It's not giving any specific names or context. It's more of a question than a statement. The word ""terrifying"" is strong, but it's not specifying which pirate queen or what aspect of them they're referring to. It's just asking for identification, which is a bit open-ended.

I remember that clickbait often includes questions that are designed to provoke a reaction, but they don't usually provide the information they're trying to get. This headline doesn't seem to provide any specific details, so it's not trying to sell anything or attract attention. It's more of a statement that could be used to engage in a discussion or debate, but it's not clickbait.

So, putting it all together, the headline is not clickbait because it's vague and doesn't provide the necessary details to be attention-grabbing. It's more of a question that could be used to spark conversation without being too enticing.
</think>

0"
These 4 Idiots Dressed Up As Santa And Harassed Their Office To Discover The True Meaning Of Christmas,1,1,"Okay, so I need to figure out if the given news headline is clickbait or not. The headline is: ""These 4 Idiots Dressed Up As Santa And Harassed Their Office To Discover The True Meaning Of Christmas."" 

First, I should understand what clickbait means. Clickbait is a type of content that is designed to attract attention and make people feel like they should click or read more. It often uses humor, sarcasm, or exaggerated claims to create a sense of urgency or interest. It's usually meant to be entertaining or to provoke a reaction.

Looking at the headline, it's about four people dressed up as Santa and Harass their office. The key elements here are the humor, the absurdity of the situation, and the potential for a reaction. The phrase ""These 4 Idiots"" is a common clickbait tactic, often used to make people feel like they should be concerned or curious. The idea of them dressing up as Santa and Harassing their office is a bit of a joke, which can be engaging and attention-grabbing.

The phrase ""To Discover The True Meaning Of Christmas"" adds a layer of mystery and curiosity, which can be exciting. It's not just about the holiday but also about uncovering deeper meanings, which can lead to a lot of interest and discussion. The combination of humor, absurdity, and a mystery element makes this headline more likely to be clickbait.

I should also consider the target audience. Clickbait content is often aimed at a broad audience, so it's designed to be entertaining regardless of whether the reader is interested in the topic or not. The headline is structured in a way that it's easy to digest and can provoke a reaction without being too serious.

Another point is the use of ""harass."" This word is often used in clickbait headlines to create a sense of danger or urgency, which can make the reader feel like they should take action. The idea of Harass is a common tactic in clickbait to make the reader feel like they're being attacked, which can lead to a reaction.

Putting it all together, the headline uses humor, absurdity, and a mystery to create a sense of excitement and curiosity. It's structured in a way that makes the reader feel like they should be interested in the content, which is typical of clickbait. Therefore, it's likely to be clickbait.
</think>

1"
